month,source_file,raw_min,raw_max,scaled_min,scaled_max,fill_value_count,raw_nan_count,scaled_nan_count,nodata_check_passed
2000-01,/Users/trevorkeenan/Data/CEDAR_GPP/LT_CFE-Hybrid_NT/CEDAR-GPP_v01_LT_CFE-Hybrid_NT_200001.nc,0.0,1512.0,0.0,15.119999885559082,21024091,0,21024091,True
2000-02,/Users/trevorkeenan/Data/CEDAR_GPP/LT_CFE-Hybrid_NT/CEDAR-GPP_v01_LT_CFE-Hybrid_NT_200002.nc,0.0,1447.0,0.0,14.469999313354492,21024091,0,21024091,True
2000-03,/Users/trevorkeenan/Data/CEDAR_GPP/LT_CFE-Hybrid_NT/CEDAR-GPP_v01_LT_CFE-Hybrid_NT_200003.nc,0.0,1221.0,0.0,12.210000038146973,21024091,0,21024091,True
2000-04,/Users/trevorkeenan/Data/CEDAR_GPP/LT_CFE-Hybrid_NT/CEDAR-GPP_v01_LT_CFE-Hybrid_NT_200004.nc,0.0,1173.0,0.0,11.729999542236328,21024091,0,21024091,True
2000-05,/Users/trevorkeenan/Data/CEDAR_GPP/LT_CFE-Hybrid_NT/CEDAR-GPP_v01_LT_CFE-Hybrid_NT_200005.nc,1.0,1300.0,0.009999999776482582,13.0,21024091,0,21024091,True
2000-06,/Users/trevorkeenan/Data/CEDAR_GPP/LT_CFE-Hybrid_NT/CEDAR-GPP_v01_LT_CFE-Hybrid_NT_200006.nc,0.0,1417.0,0.0,14.170000076293945,21024091,0,21024091,True
2000-07,/Users/trevorkeenan/Data/CEDAR_GPP/LT_CFE-Hybrid_NT/CEDAR-GPP_v01_LT_CFE-Hybrid_NT_200007.nc,0.0,1770.0,0.0,17.69999885559082,21024091,0,21024091,True
2000-08,/Users/trevorkeenan/Data/CEDAR_GPP/LT_CFE-Hybrid_NT/CEDAR-GPP_v01_LT_CFE-Hybrid_NT_200008.nc,2.0,1830.0,0.019999999552965164,18.299999237060547,21024091,0,21024091,True
2000-09,/Users/trevorkeenan/Data/CEDAR_GPP/LT_CFE-Hybrid_NT/CEDAR-GPP_v01_LT_CFE-Hybrid_NT_200009.nc,0.0,1267.0,0.0,12.670000076293945,21024091,0,21024091,True
2000-10,/Users/trevorkeenan/Data/CEDAR_GPP/LT_CFE-Hybrid_NT/CEDAR-GPP_v01_LT_CFE-Hybrid_NT_200010.nc,0.0,1254.0,0.0,12.539999961853027,21024091,0,21024091,True
2000-11,/Users/trevorkeenan/Data/CEDAR_GPP/LT_CFE-Hybrid_NT/CEDAR-GPP_v01_LT_CFE-Hybrid_NT_200011.nc,0.0,1193.0,0.0,11.929999351501465,21024091,0,21024091,True
2000-12,/Users/trevorkeenan/Data/CEDAR_GPP/LT_CFE-Hybrid_NT/CEDAR-GPP_v01_LT_CFE-Hybrid_NT_200012.nc,0.0,1323.0,0.0,13.229999542236328,21024091,0,21024091,True
2001-01,/Users/trevorkeenan/Data/CEDAR_GPP/LT_CFE-Hybrid_NT/CEDAR-GPP_v01_LT_CFE-Hybrid_NT_200101.nc,0.0,1414.0,0.0,14.139999389648438,21024091,0,21024091,True
2001-02,/Users/trevorkeenan/Data/CEDAR_GPP/LT_CFE-Hybrid_NT/CEDAR-GPP_v01_LT_CFE-Hybrid_NT_200102.nc,0.0,1485.0,0.0,14.84999942779541,21024091,0,21024091,True
2001-03,/Users/trevorkeenan/Data/CEDAR_GPP/LT_CFE-Hybrid_NT/CEDAR-GPP_v01_LT_CFE-Hybrid_NT_200103.nc,0.0,1272.0,0.0,12.719999313354492,21024091,0,21024091,True
2001-04,/Users/trevorkeenan/Data/CEDAR_GPP/LT_CFE-Hybrid_NT/CEDAR-GPP_v01_LT_CFE-Hybrid_NT_200104.nc,0.0,1213.0,0.0,12.130000114440918,21024091,0,21024091,True
2001-05,/Users/trevorkeenan/Data/CEDAR_GPP/LT_CFE-Hybrid_NT/CEDAR-GPP_v01_LT_CFE-Hybrid_NT_200105.nc,3.0,1295.0,0.029999999329447746,12.949999809265137,21024091,0,21024091,True
2001-06,/Users/trevorkeenan/Data/CEDAR_GPP/LT_CFE-Hybrid_NT/CEDAR-GPP_v01_LT_CFE-Hybrid_NT_200106.nc,0.0,1454.0,0.0,14.539999961853027,21024091,0,21024091,True
2001-07,/Users/trevorkeenan/Data/CEDAR_GPP/LT_CFE-Hybrid_NT/CEDAR-GPP_v01_LT_CFE-Hybrid_NT_200107.nc,0.0,1803.0,0.0,18.029998779296875,21024091,0,21024091,True
2001-08,/Users/trevorkeenan/Data/CEDAR_GPP/LT_CFE-Hybrid_NT/CEDAR-GPP_v01_LT_CFE-Hybrid_NT_200108.nc,2.0,1793.0,0.019999999552965164,17.93000030517578,21024091,0,21024091,True
2001-09,/Users/trevorkeenan/Data/CEDAR_GPP/LT_CFE-Hybrid_NT/CEDAR-GPP_v01_LT_CFE-Hybrid_NT_200109.nc,0.0,1301.0,0.0,13.00999927520752,21024091,0,21024091,True
2001-10,/Users/trevorkeenan/Data/CEDAR_GPP/LT_CFE-Hybrid_NT/CEDAR-GPP_v01_LT_CFE-Hybrid_NT_200110.nc,0.0,1274.0,0.0,12.739999771118164,21024091,0,21024091,True
2001-11,/Users/trevorkeenan/Data/CEDAR_GPP/LT_CFE-Hybrid_NT/CEDAR-GPP_v01_LT_CFE-Hybrid_NT_200111.nc,0.0,1175.0,0.0,11.75,21024091,0,21024091,True
2001-12,/Users/trevorkeenan/Data/CEDAR_GPP/LT_CFE-Hybrid_NT/CEDAR-GPP_v01_LT_CFE-Hybrid_NT_200112.nc,0.0,1307.0,0.0,13.069999694824219,21024091,0,21024091,True
2002-01,/Users/trevorkeenan/Data/CEDAR_GPP/LT_CFE-Hybrid_NT/CEDAR-GPP_v01_LT_CFE-Hybrid_NT_200201.nc,0.0,1524.0,0.0,15.239999771118164,21024091,0,21024091,True
2002-02,/Users/trevorkeenan/Data/CEDAR_GPP/LT_CFE-Hybrid_NT/CEDAR-GPP_v01_LT_CFE-Hybrid_NT_200202.nc,0.0,1437.0,0.0,14.369999885559082,21024091,0,21024091,True
2002-03,/Users/trevorkeenan/Data/CEDAR_GPP/LT_CFE-Hybrid_NT/CEDAR-GPP_v01_LT_CFE-Hybrid_NT_200203.nc,0.0,1340.0,0.0,13.399999618530273,21024091,0,21024091,True
2002-04,/Users/trevorkeenan/Data/CEDAR_GPP/LT_CFE-Hybrid_NT/CEDAR-GPP_v01_LT_CFE-Hybrid_NT_200204.nc,0.0,1259.0,0.0,12.59000015258789,21024091,0,21024091,True
2002-05,/Users/trevorkeenan/Data/CEDAR_GPP/LT_CFE-Hybrid_NT/CEDAR-GPP_v01_LT_CFE-Hybrid_NT_200205.nc,1.0,1292.0,0.009999999776482582,12.920000076293945,21024091,0,21024091,True
2002-06,/Users/trevorkeenan/Data/CEDAR_GPP/LT_CFE-Hybrid_NT/CEDAR-GPP_v01_LT_CFE-Hybrid_NT_200206.nc,0.0,1607.0,0.0,16.06999969482422,21024091,0,21024091,True
2002-07,/Users/trevorkeenan/Data/CEDAR_GPP/LT_CFE-Hybrid_NT/CEDAR-GPP_v01_LT_CFE-Hybrid_NT_200207.nc,1.0,1875.0,0.009999999776482582,18.75,21024091,0,21024091,True
2002-08,/Users/trevorkeenan/Data/CEDAR_GPP/LT_CFE-Hybrid_NT/CEDAR-GPP_v01_LT_CFE-Hybrid_NT_200208.nc,1.0,1682.0,0.009999999776482582,16.81999969482422,21024091,0,21024091,True
2002-09,/Users/trevorkeenan/Data/CEDAR_GPP/LT_CFE-Hybrid_NT/CEDAR-GPP_v01_LT_CFE-Hybrid_NT_200209.nc,0.0,1314.0,0.0,13.139999389648438,21024091,0,21024091,True
2002-10,/Users/trevorkeenan/Data/CEDAR_GPP/LT_CFE-Hybrid_NT/CEDAR-GPP_v01_LT_CFE-Hybrid_NT_200210.nc,0.0,1233.0,0.0,12.329999923706055,21024091,0,21024091,True
2002-11,/Users/trevorkeenan/Data/CEDAR_GPP/LT_CFE-Hybrid_NT/CEDAR-GPP_v01_LT_CFE-Hybrid_NT_200211.nc,0.0,1207.0,0.0,12.069999694824219,21024091,0,21024091,True
2002-12,/Users/trevorkeenan/Data/CEDAR_GPP/LT_CFE-Hybrid_NT/CEDAR-GPP_v01_LT_CFE-Hybrid_NT_200212.nc,0.0,1415.0,0.0,14.149999618530273,21024091,0,21024091,True
2003-01,/Users/trevorkeenan/Data/CEDAR_GPP/LT_CFE-Hybrid_NT/CEDAR-GPP_v01_LT_CFE-Hybrid_NT_200301.nc,0.0,1452.0,0.0,14.519999504089355,21024091,0,21024091,True
2003-02,/Users/trevorkeenan/Data/CEDAR_GPP/LT_CFE-Hybrid_NT/CEDAR-GPP_v01_LT_CFE-Hybrid_NT_200302.nc,0.0,1462.0,0.0,14.619999885559082,21024091,0,21024091,True
2003-03,/Users/trevorkeenan/Data/CEDAR_GPP/LT_CFE-Hybrid_NT/CEDAR-GPP_v01_LT_CFE-Hybrid_NT_200303.nc,0.0,1256.0,0.0,12.559999465942383,21024091,0,21024091,True
2003-04,/Users/trevorkeenan/Data/CEDAR_GPP/LT_CFE-Hybrid_NT/CEDAR-GPP_v01_LT_CFE-Hybrid_NT_200304.nc,0.0,1201.0,0.0,12.00999927520752,21024091,0,21024091,True
2003-05,/Users/trevorkeenan/Data/CEDAR_GPP/LT_CFE-Hybrid_NT/CEDAR-GPP_v01_LT_CFE-Hybrid_NT_200305.nc,3.0,1279.0,0.029999999329447746,12.789999961853027,21024091,0,21024091,True
2003-06,/Users/trevorkeenan/Data/CEDAR_GPP/LT_CFE-Hybrid_NT/CEDAR-GPP_v01_LT_CFE-Hybrid_NT_200306.nc,0.0,1547.0,0.0,15.469999313354492,21024091,0,21024091,True
2003-07,/Users/trevorkeenan/Data/CEDAR_GPP/LT_CFE-Hybrid_NT/CEDAR-GPP_v01_LT_CFE-Hybrid_NT_200307.nc,0.0,1930.0,0.0,19.299999237060547,21024091,0,21024091,True
2003-08,/Users/trevorkeenan/Data/CEDAR_GPP/LT_CFE-Hybrid_NT/CEDAR-GPP_v01_LT_CFE-Hybrid_NT_200308.nc,3.0,1747.0,0.029999999329447746,17.469999313354492,21024091,0,21024091,True
2003-09,/Users/trevorkeenan/Data/CEDAR_GPP/LT_CFE-Hybrid_NT/CEDAR-GPP_v01_LT_CFE-Hybrid_NT_200309.nc,0.0,1302.0,0.0,13.019999504089355,21024091,0,21024091,True
2003-10,/Users/trevorkeenan/Data/CEDAR_GPP/LT_CFE-Hybrid_NT/CEDAR-GPP_v01_LT_CFE-Hybrid_NT_200310.nc,0.0,1257.0,0.0,12.569999694824219,21024091,0,21024091,True
2003-11,/Users/trevorkeenan/Data/CEDAR_GPP/LT_CFE-Hybrid_NT/CEDAR-GPP_v01_LT_CFE-Hybrid_NT_200311.nc,0.0,1262.0,0.0,12.619999885559082,21024091,0,21024091,True
2003-12,/Users/trevorkeenan/Data/CEDAR_GPP/LT_CFE-Hybrid_NT/CEDAR-GPP_v01_LT_CFE-Hybrid_NT_200312.nc,0.0,1302.0,0.0,13.019999504089355,21024091,0,21024091,True
2004-01,/Users/trevorkeenan/Data/CEDAR_GPP/LT_CFE-Hybrid_NT/CEDAR-GPP_v01_LT_CFE-Hybrid_NT_200401.nc,0.0,1553.0,0.0,15.529999732971191,21024091,0,21024091,True
2004-02,/Users/trevorkeenan/Data/CEDAR_GPP/LT_CFE-Hybrid_NT/CEDAR-GPP_v01_LT_CFE-Hybrid_NT_200402.nc,0.0,1457.0,0.0,14.569999694824219,21024091,0,21024091,True
2004-03,/Users/trevorkeenan/Data/CEDAR_GPP/LT_CFE-Hybrid_NT/CEDAR-GPP_v01_LT_CFE-Hybrid_NT_200403.nc,0.0,1272.0,0.0,12.719999313354492,21024091,0,21024091,True
2004-04,/Users/trevorkeenan/Data/CEDAR_GPP/LT_CFE-Hybrid_NT/CEDAR-GPP_v01_LT_CFE-Hybrid_NT_200404.nc,0.0,1221.0,0.0,12.210000038146973,21024091,0,21024091,True
2004-05,/Users/trevorkeenan/Data/CEDAR_GPP/LT_CFE-Hybrid_NT/CEDAR-GPP_v01_LT_CFE-Hybrid_NT_200405.nc,2.0,1276.0,0.019999999552965164,12.75999927520752,21024091,0,21024091,True
2004-06,/Users/trevorkeenan/Data/CEDAR_GPP/LT_CFE-Hybrid_NT/CEDAR-GPP_v01_LT_CFE-Hybrid_NT_200406.nc,0.0,1536.0,0.0,15.359999656677246,21024091,0,21024091,True
2004-07,/Users/trevorkeenan/Data/CEDAR_GPP/LT_CFE-Hybrid_NT/CEDAR-GPP_v01_LT_CFE-Hybrid_NT_200407.nc,0.0,1572.0,0.0,15.719999313354492,21024091,0,21024091,True
2004-08,/Users/trevorkeenan/Data/CEDAR_GPP/LT_CFE-Hybrid_NT/CEDAR-GPP_v01_LT_CFE-Hybrid_NT_200408.nc,3.0,1524.0,0.029999999329447746,15.239999771118164,21024091,0,21024091,True
2004-09,/Users/trevorkeenan/Data/CEDAR_GPP/LT_CFE-Hybrid_NT/CEDAR-GPP_v01_LT_CFE-Hybrid_NT_200409.nc,0.0,1313.0,0.0,13.130000114440918,21024091,0,21024091,True
2004-10,/Users/trevorkeenan/Data/CEDAR_GPP/LT_CFE-Hybrid_NT/CEDAR-GPP_v01_LT_CFE-Hybrid_NT_200410.nc,0.0,1305.0,0.0,13.049999237060547,21024091,0,21024091,True
2004-11,/Users/trevorkeenan/Data/CEDAR_GPP/LT_CFE-Hybrid_NT/CEDAR-GPP_v01_LT_CFE-Hybrid_NT_200411.nc,0.0,1277.0,0.0,12.769999504089355,21024091,0,21024091,True
2004-12,/Users/trevorkeenan/Data/CEDAR_GPP/LT_CFE-Hybrid_NT/CEDAR-GPP_v01_LT_CFE-Hybrid_NT_200412.nc,0.0,1393.0,0.0,13.929999351501465,21024091,0,21024091,True
2005-01,/Users/trevorkeenan/Data/CEDAR_GPP/LT_CFE-Hybrid_NT/CEDAR-GPP_v01_LT_CFE-Hybrid_NT_200501.nc,0.0,1517.0,0.0,15.170000076293945,21024091,0,21024091,True
2005-02,/Users/trevorkeenan/Data/CEDAR_GPP/LT_CFE-Hybrid_NT/CEDAR-GPP_v01_LT_CFE-Hybrid_NT_200502.nc,0.0,1438.0,0.0,14.380000114440918,21024091,0,21024091,True
2005-03,/Users/trevorkeenan/Data/CEDAR_GPP/LT_CFE-Hybrid_NT/CEDAR-GPP_v01_LT_CFE-Hybrid_NT_200503.nc,0.0,1341.0,0.0,13.40999984741211,21024091,0,21024091,True
2005-04,/Users/trevorkeenan/Data/CEDAR_GPP/LT_CFE-Hybrid_NT/CEDAR-GPP_v01_LT_CFE-Hybrid_NT_200504.nc,0.0,1233.0,0.0,12.329999923706055,21024091,0,21024091,True
2005-05,/Users/trevorkeenan/Data/CEDAR_GPP/LT_CFE-Hybrid_NT/CEDAR-GPP_v01_LT_CFE-Hybrid_NT_200505.nc,1.0,1284.0,0.009999999776482582,12.84000015258789,21024091,0,21024091,True
2005-06,/Users/trevorkeenan/Data/CEDAR_GPP/LT_CFE-Hybrid_NT/CEDAR-GPP_v01_LT_CFE-Hybrid_NT_200506.nc,0.0,1684.0,0.0,16.84000015258789,21024091,0,21024091,True
2005-07,/Users/trevorkeenan/Data/CEDAR_GPP/LT_CFE-Hybrid_NT/CEDAR-GPP_v01_LT_CFE-Hybrid_NT_200507.nc,0.0,1930.0,0.0,19.299999237060547,21024091,0,21024091,True
2005-08,/Users/trevorkeenan/Data/CEDAR_GPP/LT_CFE-Hybrid_NT/CEDAR-GPP_v01_LT_CFE-Hybrid_NT_200508.nc,2.0,1662.0,0.019999999552965164,16.619998931884766,21024091,0,21024091,True
2005-09,/Users/trevorkeenan/Data/CEDAR_GPP/LT_CFE-Hybrid_NT/CEDAR-GPP_v01_LT_CFE-Hybrid_NT_200509.nc,0.0,1339.0,0.0,13.389999389648438,21024091,0,21024091,True
2005-10,/Users/trevorkeenan/Data/CEDAR_GPP/LT_CFE-Hybrid_NT/CEDAR-GPP_v01_LT_CFE-Hybrid_NT_200510.nc,0.0,1282.0,0.0,12.819999694824219,21024091,0,21024091,True
2005-11,/Users/trevorkeenan/Data/CEDAR_GPP/LT_CFE-Hybrid_NT/CEDAR-GPP_v01_LT_CFE-Hybrid_NT_200511.nc,0.0,1215.0,0.0,12.149999618530273,21024091,0,21024091,True
2005-12,/Users/trevorkeenan/Data/CEDAR_GPP/LT_CFE-Hybrid_NT/CEDAR-GPP_v01_LT_CFE-Hybrid_NT_200512.nc,0.0,1464.0,0.0,14.639999389648438,21024091,0,21024091,True
2006-01,/Users/trevorkeenan/Data/CEDAR_GPP/LT_CFE-Hybrid_NT/CEDAR-GPP_v01_LT_CFE-Hybrid_NT_200601.nc,0.0,1491.0,0.0,14.90999984741211,21024091,0,21024091,True
2006-02,/Users/trevorkeenan/Data/CEDAR_GPP/LT_CFE-Hybrid_NT/CEDAR-GPP_v01_LT_CFE-Hybrid_NT_200602.nc,0.0,1469.0,0.0,14.6899995803833,21024091,0,21024091,True
2006-03,/Users/trevorkeenan/Data/CEDAR_GPP/LT_CFE-Hybrid_NT/CEDAR-GPP_v01_LT_CFE-Hybrid_NT_200603.nc,0.0,1186.0,0.0,11.859999656677246,21024091,0,21024091,True
2006-04,/Users/trevorkeenan/Data/CEDAR_GPP/LT_CFE-Hybrid_NT/CEDAR-GPP_v01_LT_CFE-Hybrid_NT_200604.nc,0.0,1233.0,0.0,12.329999923706055,21024091,0,21024091,True
2006-05,/Users/trevorkeenan/Data/CEDAR_GPP/LT_CFE-Hybrid_NT/CEDAR-GPP_v01_LT_CFE-Hybrid_NT_200605.nc,1.0,1322.0,0.009999999776482582,13.219999313354492,21024091,0,21024091,True
2006-06,/Users/trevorkeenan/Data/CEDAR_GPP/LT_CFE-Hybrid_NT/CEDAR-GPP_v01_LT_CFE-Hybrid_NT_200606.nc,0.0,1644.0,0.0,16.440000534057617,21024091,0,21024091,True
2006-07,/Users/trevorkeenan/Data/CEDAR_GPP/LT_CFE-Hybrid_NT/CEDAR-GPP_v01_LT_CFE-Hybrid_NT_200607.nc,0.0,1832.0,0.0,18.31999969482422,21024091,0,21024091,True
2006-08,/Users/trevorkeenan/Data/CEDAR_GPP/LT_CFE-Hybrid_NT/CEDAR-GPP_v01_LT_CFE-Hybrid_NT_200608.nc,2.0,1765.0,0.019999999552965164,17.649999618530273,21024091,0,21024091,True
2006-09,/Users/trevorkeenan/Data/CEDAR_GPP/LT_CFE-Hybrid_NT/CEDAR-GPP_v01_LT_CFE-Hybrid_NT_200609.nc,0.0,1307.0,0.0,13.069999694824219,21024091,0,21024091,True
2006-10,/Users/trevorkeenan/Data/CEDAR_GPP/LT_CFE-Hybrid_NT/CEDAR-GPP_v01_LT_CFE-Hybrid_NT_200610.nc,0.0,1252.0,0.0,12.519999504089355,21024091,0,21024091,True
2006-11,/Users/trevorkeenan/Data/CEDAR_GPP/LT_CFE-Hybrid_NT/CEDAR-GPP_v01_LT_CFE-Hybrid_NT_200611.nc,0.0,1196.0,0.0,11.960000038146973,21024091,0,21024091,True
2006-12,/Users/trevorkeenan/Data/CEDAR_GPP/LT_CFE-Hybrid_NT/CEDAR-GPP_v01_LT_CFE-Hybrid_NT_200612.nc,0.0,1352.0,0.0,13.519999504089355,21024091,0,21024091,True
2007-01,/Users/trevorkeenan/Data/CEDAR_GPP/LT_CFE-Hybrid_NT/CEDAR-GPP_v01_LT_CFE-Hybrid_NT_200701.nc,0.0,1482.0,0.0,14.819999694824219,21024091,0,21024091,True
2007-02,/Users/trevorkeenan/Data/CEDAR_GPP/LT_CFE-Hybrid_NT/CEDAR-GPP_v01_LT_CFE-Hybrid_NT_200702.nc,0.0,1471.0,0.0,14.710000038146973,21024091,0,21024091,True
2007-03,/Users/trevorkeenan/Data/CEDAR_GPP/LT_CFE-Hybrid_NT/CEDAR-GPP_v01_LT_CFE-Hybrid_NT_200703.nc,0.0,1328.0,0.0,13.279999732971191,21024091,0,21024091,True
2007-04,/Users/trevorkeenan/Data/CEDAR_GPP/LT_CFE-Hybrid_NT/CEDAR-GPP_v01_LT_CFE-Hybrid_NT_200704.nc,0.0,1253.0,0.0,12.529999732971191,21024091,0,21024091,True
2007-05,/Users/trevorkeenan/Data/CEDAR_GPP/LT_CFE-Hybrid_NT/CEDAR-GPP_v01_LT_CFE-Hybrid_NT_200705.nc,1.0,1293.0,0.009999999776482582,12.929999351501465,21024091,0,21024091,True
2007-06,/Users/trevorkeenan/Data/CEDAR_GPP/LT_CFE-Hybrid_NT/CEDAR-GPP_v01_LT_CFE-Hybrid_NT_200706.nc,0.0,1593.0,0.0,15.929999351501465,21024091,0,21024091,True
2007-07,/Users/trevorkeenan/Data/CEDAR_GPP/LT_CFE-Hybrid_NT/CEDAR-GPP_v01_LT_CFE-Hybrid_NT_200707.nc,1.0,1853.0,0.009999999776482582,18.529998779296875,21024091,0,21024091,True
2007-08,/Users/trevorkeenan/Data/CEDAR_GPP/LT_CFE-Hybrid_NT/CEDAR-GPP_v01_LT_CFE-Hybrid_NT_200708.nc,2.0,1783.0,0.019999999552965164,17.829999923706055,21024091,0,21024091,True
2007-09,/Users/trevorkeenan/Data/CEDAR_GPP/LT_CFE-Hybrid_NT/CEDAR-GPP_v01_LT_CFE-Hybrid_NT_200709.nc,0.0,1338.0,0.0,13.380000114440918,21024091,0,21024091,True
2007-10,/Users/trevorkeenan/Data/CEDAR_GPP/LT_CFE-Hybrid_NT/CEDAR-GPP_v01_LT_CFE-Hybrid_NT_200710.nc,0.0,1277.0,0.0,12.769999504089355,21024091,0,21024091,True
2007-11,/Users/trevorkeenan/Data/CEDAR_GPP/LT_CFE-Hybrid_NT/CEDAR-GPP_v01_LT_CFE-Hybrid_NT_200711.nc,0.0,1219.0,0.0,12.1899995803833,21024091,0,21024091,True
2007-12,/Users/trevorkeenan/Data/CEDAR_GPP/LT_CFE-Hybrid_NT/CEDAR-GPP_v01_LT_CFE-Hybrid_NT_200712.nc,0.0,1374.0,0.0,13.739999771118164,21024091,0,21024091,True
2008-01,/Users/trevorkeenan/Data/CEDAR_GPP/LT_CFE-Hybrid_NT/CEDAR-GPP_v01_LT_CFE-Hybrid_NT_200801.nc,0.0,1457.0,0.0,14.569999694824219,21024091,0,21024091,True
2008-02,/Users/trevorkeenan/Data/CEDAR_GPP/LT_CFE-Hybrid_NT/CEDAR-GPP_v01_LT_CFE-Hybrid_NT_200802.nc,0.0,1511.0,0.0,15.109999656677246,21024091,0,21024091,True
2008-03,/Users/trevorkeenan/Data/CEDAR_GPP/LT_CFE-Hybrid_NT/CEDAR-GPP_v01_LT_CFE-Hybrid_NT_200803.nc,0.0,1262.0,0.0,12.619999885559082,21024091,0,21024091,True
2008-04,/Users/trevorkeenan/Data/CEDAR_GPP/LT_CFE-Hybrid_NT/CEDAR-GPP_v01_LT_CFE-Hybrid_NT_200804.nc,0.0,1260.0,0.0,12.59999942779541,21024091,0,21024091,True
2008-05,/Users/trevorkeenan/Data/CEDAR_GPP/LT_CFE-Hybrid_NT/CEDAR-GPP_v01_LT_CFE-Hybrid_NT_200805.nc,2.0,1359.0,0.019999999552965164,13.59000015258789,21024091,0,21024091,True
2008-06,/Users/trevorkeenan/Data/CEDAR_GPP/LT_CFE-Hybrid_NT/CEDAR-GPP_v01_LT_CFE-Hybrid_NT_200806.nc,0.0,1593.0,0.0,15.929999351501465,21024091,0,21024091,True
2008-07,/Users/trevorkeenan/Data/CEDAR_GPP/LT_CFE-Hybrid_NT/CEDAR-GPP_v01_LT_CFE-Hybrid_NT_200807.nc,0.0,1777.0,0.0,17.770000457763672,21024091,0,21024091,True
2008-08,/Users/trevorkeenan/Data/CEDAR_GPP/LT_CFE-Hybrid_NT/CEDAR-GPP_v01_LT_CFE-Hybrid_NT_200808.nc,1.0,1698.0,0.009999999776482582,16.979999542236328,21024091,0,21024091,True
2008-09,/Users/trevorkeenan/Data/CEDAR_GPP/LT_CFE-Hybrid_NT/CEDAR-GPP_v01_LT_CFE-Hybrid_NT_200809.nc,0.0,1273.0,0.0,12.729999542236328,21024091,0,21024091,True
2008-10,/Users/trevorkeenan/Data/CEDAR_GPP/LT_CFE-Hybrid_NT/CEDAR-GPP_v01_LT_CFE-Hybrid_NT_200810.nc,0.0,1336.0,0.0,13.359999656677246,21024091,0,21024091,True
2008-11,/Users/trevorkeenan/Data/CEDAR_GPP/LT_CFE-Hybrid_NT/CEDAR-GPP_v01_LT_CFE-Hybrid_NT_200811.nc,0.0,1283.0,0.0,12.829999923706055,21024091,0,21024091,True
2008-12,/Users/trevorkeenan/Data/CEDAR_GPP/LT_CFE-Hybrid_NT/CEDAR-GPP_v01_LT_CFE-Hybrid_NT_200812.nc,0.0,1261.0,0.0,12.609999656677246,21024091,0,21024091,True
2009-01,/Users/trevorkeenan/Data/CEDAR_GPP/LT_CFE-Hybrid_NT/CEDAR-GPP_v01_LT_CFE-Hybrid_NT_200901.nc,0.0,1439.0,0.0,14.389999389648438,21024091,0,21024091,True
2009-02,/Users/trevorkeenan/Data/CEDAR_GPP/LT_CFE-Hybrid_NT/CEDAR-GPP_v01_LT_CFE-Hybrid_NT_200902.nc,0.0,1511.0,0.0,15.109999656677246,21024091,0,21024091,True
2009-03,/Users/trevorkeenan/Data/CEDAR_GPP/LT_CFE-Hybrid_NT/CEDAR-GPP_v01_LT_CFE-Hybrid_NT_200903.nc,0.0,1420.0,0.0,14.199999809265137,21024091,0,21024091,True
2009-04,/Users/trevorkeenan/Data/CEDAR_GPP/LT_CFE-Hybrid_NT/CEDAR-GPP_v01_LT_CFE-Hybrid_NT_200904.nc,0.0,1223.0,0.0,12.229999542236328,21024091,0,21024091,True
2009-05,/Users/trevorkeenan/Data/CEDAR_GPP/LT_CFE-Hybrid_NT/CEDAR-GPP_v01_LT_CFE-Hybrid_NT_200905.nc,3.0,1305.0,0.029999999329447746,13.049999237060547,21024091,0,21024091,True
2009-06,/Users/trevorkeenan/Data/CEDAR_GPP/LT_CFE-Hybrid_NT/CEDAR-GPP_v01_LT_CFE-Hybrid_NT_200906.nc,0.0,1616.0,0.0,16.15999984741211,21024091,0,21024091,True
2009-07,/Users/trevorkeenan/Data/CEDAR_GPP/LT_CFE-Hybrid_NT/CEDAR-GPP_v01_LT_CFE-Hybrid_NT_200907.nc,0.0,1729.0,0.0,17.28999900817871,21024091,0,21024091,True
2009-08,/Users/trevorkeenan/Data/CEDAR_GPP/LT_CFE-Hybrid_NT/CEDAR-GPP_v01_LT_CFE-Hybrid_NT_200908.nc,2.0,1663.0,0.019999999552965164,16.6299991607666,21024091,0,21024091,True
2009-09,/Users/trevorkeenan/Data/CEDAR_GPP/LT_CFE-Hybrid_NT/CEDAR-GPP_v01_LT_CFE-Hybrid_NT_200909.nc,0.0,1343.0,0.0,13.429999351501465,21024091,0,21024091,True
2009-10,/Users/trevorkeenan/Data/CEDAR_GPP/LT_CFE-Hybrid_NT/CEDAR-GPP_v01_LT_CFE-Hybrid_NT_200910.nc,0.0,1298.0,0.0,12.979999542236328,21024091,0,21024091,True
2009-11,/Users/trevorkeenan/Data/CEDAR_GPP/LT_CFE-Hybrid_NT/CEDAR-GPP_v01_LT_CFE-Hybrid_NT_200911.nc,0.0,1237.0,0.0,12.369999885559082,21024091,0,21024091,True
2009-12,/Users/trevorkeenan/Data/CEDAR_GPP/LT_CFE-Hybrid_NT/CEDAR-GPP_v01_LT_CFE-Hybrid_NT_200912.nc,0.0,1313.0,0.0,13.130000114440918,21024091,0,21024091,True
2010-01,/Users/trevorkeenan/Data/CEDAR_GPP/LT_CFE-Hybrid_NT/CEDAR-GPP_v01_LT_CFE-Hybrid_NT_201001.nc,0.0,1522.0,0.0,15.219999313354492,21024091,0,21024091,True
2010-02,/Users/trevorkeenan/Data/CEDAR_GPP/LT_CFE-Hybrid_NT/CEDAR-GPP_v01_LT_CFE-Hybrid_NT_201002.nc,0.0,1353.0,0.0,13.529999732971191,21024091,0,21024091,True
2010-03,/Users/trevorkeenan/Data/CEDAR_GPP/LT_CFE-Hybrid_NT/CEDAR-GPP_v01_LT_CFE-Hybrid_NT_201003.nc,0.0,1366.0,0.0,13.65999984741211,21024091,0,21024091,True
2010-04,/Users/trevorkeenan/Data/CEDAR_GPP/LT_CFE-Hybrid_NT/CEDAR-GPP_v01_LT_CFE-Hybrid_NT_201004.nc,0.0,1205.0,0.0,12.050000190734863,21024091,0,21024091,True
2010-05,/Users/trevorkeenan/Data/CEDAR_GPP/LT_CFE-Hybrid_NT/CEDAR-GPP_v01_LT_CFE-Hybrid_NT_201005.nc,0.0,1382.0,0.0,13.819999694824219,21024091,0,21024091,True
2010-06,/Users/trevorkeenan/Data/CEDAR_GPP/LT_CFE-Hybrid_NT/CEDAR-GPP_v01_LT_CFE-Hybrid_NT_201006.nc,0.0,1762.0,0.0,17.619998931884766,21024091,0,21024091,True
2010-07,/Users/trevorkeenan/Data/CEDAR_GPP/LT_CFE-Hybrid_NT/CEDAR-GPP_v01_LT_CFE-Hybrid_NT_201007.nc,0.0,1838.0,0.0,18.3799991607666,21024091,0,21024091,True
2010-08,/Users/trevorkeenan/Data/CEDAR_GPP/LT_CFE-Hybrid_NT/CEDAR-GPP_v01_LT_CFE-Hybrid_NT_201008.nc,3.0,1875.0,0.029999999329447746,18.75,21024091,0,21024091,True
2010-09,/Users/trevorkeenan/Data/CEDAR_GPP/LT_CFE-Hybrid_NT/CEDAR-GPP_v01_LT_CFE-Hybrid_NT_201009.nc,0.0,1429.0,0.0,14.289999961853027,21024091,0,21024091,True
2010-10,/Users/trevorkeenan/Data/CEDAR_GPP/LT_CFE-Hybrid_NT/CEDAR-GPP_v01_LT_CFE-Hybrid_NT_201010.nc,0.0,1319.0,0.0,13.1899995803833,21024091,0,21024091,True
2010-11,/Users/trevorkeenan/Data/CEDAR_GPP/LT_CFE-Hybrid_NT/CEDAR-GPP_v01_LT_CFE-Hybrid_NT_201011.nc,0.0,1235.0,0.0,12.34999942779541,21024091,0,21024091,True
2010-12,/Users/trevorkeenan/Data/CEDAR_GPP/LT_CFE-Hybrid_NT/CEDAR-GPP_v01_LT_CFE-Hybrid_NT_201012.nc,0.0,1299.0,0.0,12.989999771118164,21024091,0,21024091,True
2011-01,/Users/trevorkeenan/Data/CEDAR_GPP/LT_CFE-Hybrid_NT/CEDAR-GPP_v01_LT_CFE-Hybrid_NT_201101.nc,0.0,1505.0,0.0,15.049999237060547,21024091,0,21024091,True
2011-02,/Users/trevorkeenan/Data/CEDAR_GPP/LT_CFE-Hybrid_NT/CEDAR-GPP_v01_LT_CFE-Hybrid_NT_201102.nc,0.0,1396.0,0.0,13.960000038146973,21024091,0,21024091,True
2011-03,/Users/trevorkeenan/Data/CEDAR_GPP/LT_CFE-Hybrid_NT/CEDAR-GPP_v01_LT_CFE-Hybrid_NT_201103.nc,0.0,1268.0,0.0,12.679999351501465,21024091,0,21024091,True
2011-04,/Users/trevorkeenan/Data/CEDAR_GPP/LT_CFE-Hybrid_NT/CEDAR-GPP_v01_LT_CFE-Hybrid_NT_201104.nc,0.0,1281.0,0.0,12.809999465942383,21024091,0,21024091,True
2011-05,/Users/trevorkeenan/Data/CEDAR_GPP/LT_CFE-Hybrid_NT/CEDAR-GPP_v01_LT_CFE-Hybrid_NT_201105.nc,1.0,1319.0,0.009999999776482582,13.1899995803833,21024091,0,21024091,True
2011-06,/Users/trevorkeenan/Data/CEDAR_GPP/LT_CFE-Hybrid_NT/CEDAR-GPP_v01_LT_CFE-Hybrid_NT_201106.nc,0.0,1786.0,0.0,17.85999870300293,21024091,0,21024091,True
2011-07,/Users/trevorkeenan/Data/CEDAR_GPP/LT_CFE-Hybrid_NT/CEDAR-GPP_v01_LT_CFE-Hybrid_NT_201107.nc,0.0,1873.0,0.0,18.729999542236328,21024091,0,21024091,True
2011-08,/Users/trevorkeenan/Data/CEDAR_GPP/LT_CFE-Hybrid_NT/CEDAR-GPP_v01_LT_CFE-Hybrid_NT_201108.nc,1.0,1880.0,0.009999999776482582,18.799999237060547,21024091,0,21024091,True
2011-09,/Users/trevorkeenan/Data/CEDAR_GPP/LT_CFE-Hybrid_NT/CEDAR-GPP_v01_LT_CFE-Hybrid_NT_201109.nc,0.0,1342.0,0.0,13.420000076293945,21024091,0,21024091,True
2011-10,/Users/trevorkeenan/Data/CEDAR_GPP/LT_CFE-Hybrid_NT/CEDAR-GPP_v01_LT_CFE-Hybrid_NT_201110.nc,0.0,1317.0,0.0,13.170000076293945,21024091,0,21024091,True
2011-11,/Users/trevorkeenan/Data/CEDAR_GPP/LT_CFE-Hybrid_NT/CEDAR-GPP_v01_LT_CFE-Hybrid_NT_201111.nc,0.0,1266.0,0.0,12.65999984741211,21024091,0,21024091,True
2011-12,/Users/trevorkeenan/Data/CEDAR_GPP/LT_CFE-Hybrid_NT/CEDAR-GPP_v01_LT_CFE-Hybrid_NT_201112.nc,0.0,1470.0,0.0,14.699999809265137,21024091,0,21024091,True
2012-01,/Users/trevorkeenan/Data/CEDAR_GPP/LT_CFE-Hybrid_NT/CEDAR-GPP_v01_LT_CFE-Hybrid_NT_201201.nc,0.0,1470.0,0.0,14.699999809265137,21024091,0,21024091,True
2012-02,/Users/trevorkeenan/Data/CEDAR_GPP/LT_CFE-Hybrid_NT/CEDAR-GPP_v01_LT_CFE-Hybrid_NT_201202.nc,0.0,1490.0,0.0,14.899999618530273,21024091,0,21024091,True
2012-03,/Users/trevorkeenan/Data/CEDAR_GPP/LT_CFE-Hybrid_NT/CEDAR-GPP_v01_LT_CFE-Hybrid_NT_201203.nc,0.0,1395.0,0.0,13.949999809265137,21024091,0,21024091,True
2012-04,/Users/trevorkeenan/Data/CEDAR_GPP/LT_CFE-Hybrid_NT/CEDAR-GPP_v01_LT_CFE-Hybrid_NT_201204.nc,0.0,1276.0,0.0,12.75999927520752,21024091,0,21024091,True
2012-05,/Users/trevorkeenan/Data/CEDAR_GPP/LT_CFE-Hybrid_NT/CEDAR-GPP_v01_LT_CFE-Hybrid_NT_201205.nc,1.0,1389.0,0.009999999776482582,13.889999389648438,21024091,0,21024091,True
2012-06,/Users/trevorkeenan/Data/CEDAR_GPP/LT_CFE-Hybrid_NT/CEDAR-GPP_v01_LT_CFE-Hybrid_NT_201206.nc,0.0,1631.0,0.0,16.309999465942383,21024091,0,21024091,True
2012-07,/Users/trevorkeenan/Data/CEDAR_GPP/LT_CFE-Hybrid_NT/CEDAR-GPP_v01_LT_CFE-Hybrid_NT_201207.nc,0.0,1933.0,0.0,19.329999923706055,21024091,0,21024091,True
2012-08,/Users/trevorkeenan/Data/CEDAR_GPP/LT_CFE-Hybrid_NT/CEDAR-GPP_v01_LT_CFE-Hybrid_NT_201208.nc,2.0,1694.0,0.019999999552965164,16.940000534057617,21024091,0,21024091,True
2012-09,/Users/trevorkeenan/Data/CEDAR_GPP/LT_CFE-Hybrid_NT/CEDAR-GPP_v01_LT_CFE-Hybrid_NT_201209.nc,0.0,1405.0,0.0,14.049999237060547,21024091,0,21024091,True
2012-10,/Users/trevorkeenan/Data/CEDAR_GPP/LT_CFE-Hybrid_NT/CEDAR-GPP_v01_LT_CFE-Hybrid_NT_201210.nc,0.0,1343.0,0.0,13.429999351501465,21024091,0,21024091,True
2012-11,/Users/trevorkeenan/Data/CEDAR_GPP/LT_CFE-Hybrid_NT/CEDAR-GPP_v01_LT_CFE-Hybrid_NT_201211.nc,0.0,1285.0,0.0,12.84999942779541,21024091,0,21024091,True
2012-12,/Users/trevorkeenan/Data/CEDAR_GPP/LT_CFE-Hybrid_NT/CEDAR-GPP_v01_LT_CFE-Hybrid_NT_201212.nc,0.0,1404.0,0.0,14.039999961853027,21024091,0,21024091,True
2013-01,/Users/trevorkeenan/Data/CEDAR_GPP/LT_CFE-Hybrid_NT/CEDAR-GPP_v01_LT_CFE-Hybrid_NT_201301.nc,0.0,1471.0,0.0,14.710000038146973,21024091,0,21024091,True
2013-02,/Users/trevorkeenan/Data/CEDAR_GPP/LT_CFE-Hybrid_NT/CEDAR-GPP_v01_LT_CFE-Hybrid_NT_201302.nc,0.0,1434.0,0.0,14.34000015258789,21024091,0,21024091,True
2013-03,/Users/trevorkeenan/Data/CEDAR_GPP/LT_CFE-Hybrid_NT/CEDAR-GPP_v01_LT_CFE-Hybrid_NT_201303.nc,0.0,1352.0,0.0,13.519999504089355,21024091,0,21024091,True
2013-04,/Users/trevorkeenan/Data/CEDAR_GPP/LT_CFE-Hybrid_NT/CEDAR-GPP_v01_LT_CFE-Hybrid_NT_201304.nc,0.0,1270.0,0.0,12.699999809265137,21024091,0,21024091,True
2013-05,/Users/trevorkeenan/Data/CEDAR_GPP/LT_CFE-Hybrid_NT/CEDAR-GPP_v01_LT_CFE-Hybrid_NT_201305.nc,2.0,1346.0,0.019999999552965164,13.460000038146973,21024091,0,21024091,True
2013-06,/Users/trevorkeenan/Data/CEDAR_GPP/LT_CFE-Hybrid_NT/CEDAR-GPP_v01_LT_CFE-Hybrid_NT_201306.nc,0.0,1540.0,0.0,15.399999618530273,21024091,0,21024091,True
2013-07,/Users/trevorkeenan/Data/CEDAR_GPP/LT_CFE-Hybrid_NT/CEDAR-GPP_v01_LT_CFE-Hybrid_NT_201307.nc,0.0,1789.0,0.0,17.889999389648438,21024091,0,21024091,True
2013-08,/Users/trevorkeenan/Data/CEDAR_GPP/LT_CFE-Hybrid_NT/CEDAR-GPP_v01_LT_CFE-Hybrid_NT_201308.nc,3.0,1695.0,0.029999999329447746,16.94999885559082,21024091,0,21024091,True
2013-09,/Users/trevorkeenan/Data/CEDAR_GPP/LT_CFE-Hybrid_NT/CEDAR-GPP_v01_LT_CFE-Hybrid_NT_201309.nc,0.0,1327.0,0.0,13.269999504089355,21024091,0,21024091,True
2013-10,/Users/trevorkeenan/Data/CEDAR_GPP/LT_CFE-Hybrid_NT/CEDAR-GPP_v01_LT_CFE-Hybrid_NT_201310.nc,0.0,1291.0,0.0,12.90999984741211,21024091,0,21024091,True
2013-11,/Users/trevorkeenan/Data/CEDAR_GPP/LT_CFE-Hybrid_NT/CEDAR-GPP_v01_LT_CFE-Hybrid_NT_201311.nc,0.0,1396.0,0.0,13.960000038146973,21024091,0,21024091,True
2013-12,/Users/trevorkeenan/Data/CEDAR_GPP/LT_CFE-Hybrid_NT/CEDAR-GPP_v01_LT_CFE-Hybrid_NT_201312.nc,0.0,1459.0,0.0,14.589999198913574,21024091,0,21024091,True
2014-01,/Users/trevorkeenan/Data/CEDAR_GPP/LT_CFE-Hybrid_NT/CEDAR-GPP_v01_LT_CFE-Hybrid_NT_201401.nc,0.0,1494.0,0.0,14.9399995803833,21024091,0,21024091,True
2014-02,/Users/trevorkeenan/Data/CEDAR_GPP/LT_CFE-Hybrid_NT/CEDAR-GPP_v01_LT_CFE-Hybrid_NT_201402.nc,0.0,1470.0,0.0,14.699999809265137,21024091,0,21024091,True
2014-03,/Users/trevorkeenan/Data/CEDAR_GPP/LT_CFE-Hybrid_NT/CEDAR-GPP_v01_LT_CFE-Hybrid_NT_201403.nc,0.0,1359.0,0.0,13.59000015258789,21024091,0,21024091,True
2014-04,/Users/trevorkeenan/Data/CEDAR_GPP/LT_CFE-Hybrid_NT/CEDAR-GPP_v01_LT_CFE-Hybrid_NT_201404.nc,0.0,1277.0,0.0,12.769999504089355,21024091,0,21024091,True
2014-05,/Users/trevorkeenan/Data/CEDAR_GPP/LT_CFE-Hybrid_NT/CEDAR-GPP_v01_LT_CFE-Hybrid_NT_201405.nc,2.0,1403.0,0.019999999552965164,14.029999732971191,21024091,0,21024091,True
2014-06,/Users/trevorkeenan/Data/CEDAR_GPP/LT_CFE-Hybrid_NT/CEDAR-GPP_v01_LT_CFE-Hybrid_NT_201406.nc,0.0,1522.0,0.0,15.219999313354492,21024091,0,21024091,True
2014-07,/Users/trevorkeenan/Data/CEDAR_GPP/LT_CFE-Hybrid_NT/CEDAR-GPP_v01_LT_CFE-Hybrid_NT_201407.nc,0.0,1760.0,0.0,17.600000381469727,21024091,0,21024091,True
2014-08,/Users/trevorkeenan/Data/CEDAR_GPP/LT_CFE-Hybrid_NT/CEDAR-GPP_v01_LT_CFE-Hybrid_NT_201408.nc,2.0,1821.0,0.019999999552965164,18.209999084472656,21024091,0,21024091,True
2014-09,/Users/trevorkeenan/Data/CEDAR_GPP/LT_CFE-Hybrid_NT/CEDAR-GPP_v01_LT_CFE-Hybrid_NT_201409.nc,0.0,1438.0,0.0,14.380000114440918,21024091,0,21024091,True
2014-10,/Users/trevorkeenan/Data/CEDAR_GPP/LT_CFE-Hybrid_NT/CEDAR-GPP_v01_LT_CFE-Hybrid_NT_201410.nc,0.0,1275.0,0.0,12.75,21024091,0,21024091,True
2014-11,/Users/trevorkeenan/Data/CEDAR_GPP/LT_CFE-Hybrid_NT/CEDAR-GPP_v01_LT_CFE-Hybrid_NT_201411.nc,0.0,1234.0,0.0,12.34000015258789,21024091,0,21024091,True
2014-12,/Users/trevorkeenan/Data/CEDAR_GPP/LT_CFE-Hybrid_NT/CEDAR-GPP_v01_LT_CFE-Hybrid_NT_201412.nc,0.0,1307.0,0.0,13.069999694824219,21024091,0,21024091,True
2015-01,/Users/trevorkeenan/Data/CEDAR_GPP/LT_CFE-Hybrid_NT/CEDAR-GPP_v01_LT_CFE-Hybrid_NT_201501.nc,0.0,1513.0,0.0,15.130000114440918,21024091,0,21024091,True
2015-02,/Users/trevorkeenan/Data/CEDAR_GPP/LT_CFE-Hybrid_NT/CEDAR-GPP_v01_LT_CFE-Hybrid_NT_201502.nc,0.0,1470.0,0.0,14.699999809265137,21024091,0,21024091,True
2015-03,/Users/trevorkeenan/Data/CEDAR_GPP/LT_CFE-Hybrid_NT/CEDAR-GPP_v01_LT_CFE-Hybrid_NT_201503.nc,0.0,1357.0,0.0,13.569999694824219,21024091,0,21024091,True
2015-04,/Users/trevorkeenan/Data/CEDAR_GPP/LT_CFE-Hybrid_NT/CEDAR-GPP_v01_LT_CFE-Hybrid_NT_201504.nc,0.0,1227.0,0.0,12.269999504089355,21024091,0,21024091,True
2015-05,/Users/trevorkeenan/Data/CEDAR_GPP/LT_CFE-Hybrid_NT/CEDAR-GPP_v01_LT_CFE-Hybrid_NT_201505.nc,2.0,1328.0,0.019999999552965164,13.279999732971191,21024091,0,21024091,True
2015-06,/Users/trevorkeenan/Data/CEDAR_GPP/LT_CFE-Hybrid_NT/CEDAR-GPP_v01_LT_CFE-Hybrid_NT_201506.nc,0.0,1571.0,0.0,15.710000038146973,21024091,0,21024091,True
2015-07,/Users/trevorkeenan/Data/CEDAR_GPP/LT_CFE-Hybrid_NT/CEDAR-GPP_v01_LT_CFE-Hybrid_NT_201507.nc,0.0,1770.0,0.0,17.69999885559082,21024091,0,21024091,True
2015-08,/Users/trevorkeenan/Data/CEDAR_GPP/LT_CFE-Hybrid_NT/CEDAR-GPP_v01_LT_CFE-Hybrid_NT_201508.nc,2.0,1705.0,0.019999999552965164,17.049999237060547,21024091,0,21024091,True
2015-09,/Users/trevorkeenan/Data/CEDAR_GPP/LT_CFE-Hybrid_NT/CEDAR-GPP_v01_LT_CFE-Hybrid_NT_201509.nc,0.0,1342.0,0.0,13.420000076293945,21024091,0,21024091,True
2015-10,/Users/trevorkeenan/Data/CEDAR_GPP/LT_CFE-Hybrid_NT/CEDAR-GPP_v01_LT_CFE-Hybrid_NT_201510.nc,0.0,1248.0,0.0,12.479999542236328,21024091,0,21024091,True
2015-11,/Users/trevorkeenan/Data/CEDAR_GPP/LT_CFE-Hybrid_NT/CEDAR-GPP_v01_LT_CFE-Hybrid_NT_201511.nc,0.0,1299.0,0.0,12.989999771118164,21024091,0,21024091,True
2015-12,/Users/trevorkeenan/Data/CEDAR_GPP/LT_CFE-Hybrid_NT/CEDAR-GPP_v01_LT_CFE-Hybrid_NT_201512.nc,0.0,1398.0,0.0,13.979999542236328,21024091,0,21024091,True
2016-01,/Users/trevorkeenan/Data/CEDAR_GPP/LT_CFE-Hybrid_NT/CEDAR-GPP_v01_LT_CFE-Hybrid_NT_201601.nc,0.0,1576.0,0.0,15.75999927520752,21024091,0,21024091,True
2016-02,/Users/trevorkeenan/Data/CEDAR_GPP/LT_CFE-Hybrid_NT/CEDAR-GPP_v01_LT_CFE-Hybrid_NT_201602.nc,0.0,1488.0,0.0,14.880000114440918,21024091,0,21024091,True
2016-03,/Users/trevorkeenan/Data/CEDAR_GPP/LT_CFE-Hybrid_NT/CEDAR-GPP_v01_LT_CFE-Hybrid_NT_201603.nc,0.0,1323.0,0.0,13.229999542236328,21024091,0,21024091,True
2016-04,/Users/trevorkeenan/Data/CEDAR_GPP/LT_CFE-Hybrid_NT/CEDAR-GPP_v01_LT_CFE-Hybrid_NT_201604.nc,0.0,1294.0,0.0,12.9399995803833,21024091,0,21024091,True
2016-05,/Users/trevorkeenan/Data/CEDAR_GPP/LT_CFE-Hybrid_NT/CEDAR-GPP_v01_LT_CFE-Hybrid_NT_201605.nc,0.0,1331.0,0.0,13.309999465942383,21024091,0,21024091,True
2016-06,/Users/trevorkeenan/Data/CEDAR_GPP/LT_CFE-Hybrid_NT/CEDAR-GPP_v01_LT_CFE-Hybrid_NT_201606.nc,1.0,1897.0,0.009999999776482582,18.969999313354492,21024091,0,21024091,True
2016-07,/Users/trevorkeenan/Data/CEDAR_GPP/LT_CFE-Hybrid_NT/CEDAR-GPP_v01_LT_CFE-Hybrid_NT_201607.nc,0.0,1775.0,0.0,17.75,21024091,0,21024091,True
2016-08,/Users/trevorkeenan/Data/CEDAR_GPP/LT_CFE-Hybrid_NT/CEDAR-GPP_v01_LT_CFE-Hybrid_NT_201608.nc,2.0,1624.0,0.019999999552965164,16.239999771118164,21024091,0,21024091,True
2016-09,/Users/trevorkeenan/Data/CEDAR_GPP/LT_CFE-Hybrid_NT/CEDAR-GPP_v01_LT_CFE-Hybrid_NT_201609.nc,0.0,1456.0,0.0,14.559999465942383,21024091,0,21024091,True
2016-10,/Users/trevorkeenan/Data/CEDAR_GPP/LT_CFE-Hybrid_NT/CEDAR-GPP_v01_LT_CFE-Hybrid_NT_201610.nc,0.0,1333.0,0.0,13.329999923706055,21024091,0,21024091,True
2016-11,/Users/trevorkeenan/Data/CEDAR_GPP/LT_CFE-Hybrid_NT/CEDAR-GPP_v01_LT_CFE-Hybrid_NT_201611.nc,0.0,1279.0,0.0,12.789999961853027,21024091,0,21024091,True
2016-12,/Users/trevorkeenan/Data/CEDAR_GPP/LT_CFE-Hybrid_NT/CEDAR-GPP_v01_LT_CFE-Hybrid_NT_201612.nc,0.0,1358.0,0.0,13.579999923706055,21024091,0,21024091,True
2017-01,/Users/trevorkeenan/Data/CEDAR_GPP/LT_CFE-Hybrid_NT/CEDAR-GPP_v01_LT_CFE-Hybrid_NT_201701.nc,0.0,1506.0,0.0,15.059999465942383,21024091,0,21024091,True
2017-02,/Users/trevorkeenan/Data/CEDAR_GPP/LT_CFE-Hybrid_NT/CEDAR-GPP_v01_LT_CFE-Hybrid_NT_201702.nc,0.0,1453.0,0.0,14.529999732971191,21024091,0,21024091,True
2017-03,/Users/trevorkeenan/Data/CEDAR_GPP/LT_CFE-Hybrid_NT/CEDAR-GPP_v01_LT_CFE-Hybrid_NT_201703.nc,0.0,1328.0,0.0,13.279999732971191,21024091,0,21024091,True
2017-04,/Users/trevorkeenan/Data/CEDAR_GPP/LT_CFE-Hybrid_NT/CEDAR-GPP_v01_LT_CFE-Hybrid_NT_201704.nc,0.0,1327.0,0.0,13.269999504089355,21024091,0,21024091,True
2017-05,/Users/trevorkeenan/Data/CEDAR_GPP/LT_CFE-Hybrid_NT/CEDAR-GPP_v01_LT_CFE-Hybrid_NT_201705.nc,1.0,1354.0,0.009999999776482582,13.539999961853027,21024091,0,21024091,True
2017-06,/Users/trevorkeenan/Data/CEDAR_GPP/LT_CFE-Hybrid_NT/CEDAR-GPP_v01_LT_CFE-Hybrid_NT_201706.nc,0.0,1556.0,0.0,15.559999465942383,21024091,0,21024091,True
2017-07,/Users/trevorkeenan/Data/CEDAR_GPP/LT_CFE-Hybrid_NT/CEDAR-GPP_v01_LT_CFE-Hybrid_NT_201707.nc,0.0,1890.0,0.0,18.899999618530273,21024091,0,21024091,True
2017-08,/Users/trevorkeenan/Data/CEDAR_GPP/LT_CFE-Hybrid_NT/CEDAR-GPP_v01_LT_CFE-Hybrid_NT_201708.nc,2.0,1644.0,0.019999999552965164,16.440000534057617,21024091,0,21024091,True
2017-09,/Users/trevorkeenan/Data/CEDAR_GPP/LT_CFE-Hybrid_NT/CEDAR-GPP_v01_LT_CFE-Hybrid_NT_201709.nc,1.0,1317.0,0.009999999776482582,13.170000076293945,21024091,0,21024091,True
2017-10,/Users/trevorkeenan/Data/CEDAR_GPP/LT_CFE-Hybrid_NT/CEDAR-GPP_v01_LT_CFE-Hybrid_NT_201710.nc,0.0,1286.0,0.0,12.859999656677246,21024091,0,21024091,True
2017-11,/Users/trevorkeenan/Data/CEDAR_GPP/LT_CFE-Hybrid_NT/CEDAR-GPP_v01_LT_CFE-Hybrid_NT_201711.nc,0.0,1260.0,0.0,12.59999942779541,21024091,0,21024091,True
2017-12,/Users/trevorkeenan/Data/CEDAR_GPP/LT_CFE-Hybrid_NT/CEDAR-GPP_v01_LT_CFE-Hybrid_NT_201712.nc,0.0,1345.0,0.0,13.449999809265137,21024091,0,21024091,True
2018-01,/Users/trevorkeenan/Data/CEDAR_GPP/LT_CFE-Hybrid_NT/CEDAR-GPP_v01_LT_CFE-Hybrid_NT_201801.nc,0.0,1494.0,0.0,14.9399995803833,21024091,0,21024091,True
2018-02,/Users/trevorkeenan/Data/CEDAR_GPP/LT_CFE-Hybrid_NT/CEDAR-GPP_v01_LT_CFE-Hybrid_NT_201802.nc,0.0,1529.0,0.0,15.289999961853027,21024091,0,21024091,True
2018-03,/Users/trevorkeenan/Data/CEDAR_GPP/LT_CFE-Hybrid_NT/CEDAR-GPP_v01_LT_CFE-Hybrid_NT_201803.nc,0.0,1390.0,0.0,13.899999618530273,21024091,0,21024091,True
2018-04,/Users/trevorkeenan/Data/CEDAR_GPP/LT_CFE-Hybrid_NT/CEDAR-GPP_v01_LT_CFE-Hybrid_NT_201804.nc,0.0,1257.0,0.0,12.569999694824219,21024091,0,21024091,True
2018-05,/Users/trevorkeenan/Data/CEDAR_GPP/LT_CFE-Hybrid_NT/CEDAR-GPP_v01_LT_CFE-Hybrid_NT_201805.nc,1.0,1364.0,0.009999999776482582,13.639999389648438,21024091,0,21024091,True
2018-06,/Users/trevorkeenan/Data/CEDAR_GPP/LT_CFE-Hybrid_NT/CEDAR-GPP_v01_LT_CFE-Hybrid_NT_201806.nc,0.0,1715.0,0.0,17.149999618530273,21024091,0,21024091,True
2018-07,/Users/trevorkeenan/Data/CEDAR_GPP/LT_CFE-Hybrid_NT/CEDAR-GPP_v01_LT_CFE-Hybrid_NT_201807.nc,0.0,1936.0,0.0,19.35999870300293,21024091,0,21024091,True
2018-08,/Users/trevorkeenan/Data/CEDAR_GPP/LT_CFE-Hybrid_NT/CEDAR-GPP_v01_LT_CFE-Hybrid_NT_201808.nc,2.0,1724.0,0.019999999552965164,17.239999771118164,21024091,0,21024091,True
2018-09,/Users/trevorkeenan/Data/CEDAR_GPP/LT_CFE-Hybrid_NT/CEDAR-GPP_v01_LT_CFE-Hybrid_NT_201809.nc,0.0,1322.0,0.0,13.219999313354492,21024091,0,21024091,True
2018-10,/Users/trevorkeenan/Data/CEDAR_GPP/LT_CFE-Hybrid_NT/CEDAR-GPP_v01_LT_CFE-Hybrid_NT_201810.nc,0.0,1313.0,0.0,13.130000114440918,21024091,0,21024091,True
2018-11,/Users/trevorkeenan/Data/CEDAR_GPP/LT_CFE-Hybrid_NT/CEDAR-GPP_v01_LT_CFE-Hybrid_NT_201811.nc,0.0,1398.0,0.0,13.979999542236328,21024091,0,21024091,True
2018-12,/Users/trevorkeenan/Data/CEDAR_GPP/LT_CFE-Hybrid_NT/CEDAR-GPP_v01_LT_CFE-Hybrid_NT_201812.nc,0.0,1506.0,0.0,15.059999465942383,21024091,0,21024091,True
2019-01,/Users/trevorkeenan/Data/CEDAR_GPP/LT_CFE-Hybrid_NT/CEDAR-GPP_v01_LT_CFE-Hybrid_NT_201901.nc,0.0,1529.0,0.0,15.289999961853027,21024091,0,21024091,True
2019-02,/Users/trevorkeenan/Data/CEDAR_GPP/LT_CFE-Hybrid_NT/CEDAR-GPP_v01_LT_CFE-Hybrid_NT_201902.nc,0.0,1490.0,0.0,14.899999618530273,21024091,0,21024091,True
2019-03,/Users/trevorkeenan/Data/CEDAR_GPP/LT_CFE-Hybrid_NT/CEDAR-GPP_v01_LT_CFE-Hybrid_NT_201903.nc,0.0,1318.0,0.0,13.179999351501465,21024091,0,21024091,True
2019-04,/Users/trevorkeenan/Data/CEDAR_GPP/LT_CFE-Hybrid_NT/CEDAR-GPP_v01_LT_CFE-Hybrid_NT_201904.nc,0.0,1292.0,0.0,12.920000076293945,21024091,0,21024091,True
2019-05,/Users/trevorkeenan/Data/CEDAR_GPP/LT_CFE-Hybrid_NT/CEDAR-GPP_v01_LT_CFE-Hybrid_NT_201905.nc,2.0,1318.0,0.019999999552965164,13.179999351501465,21024091,0,21024091,True
2019-06,/Users/trevorkeenan/Data/CEDAR_GPP/LT_CFE-Hybrid_NT/CEDAR-GPP_v01_LT_CFE-Hybrid_NT_201906.nc,0.0,1559.0,0.0,15.589999198913574,21024091,0,21024091,True
2019-07,/Users/trevorkeenan/Data/CEDAR_GPP/LT_CFE-Hybrid_NT/CEDAR-GPP_v01_LT_CFE-Hybrid_NT_201907.nc,0.0,1840.0,0.0,18.399999618530273,21024091,0,21024091,True
2019-08,/Users/trevorkeenan/Data/CEDAR_GPP/LT_CFE-Hybrid_NT/CEDAR-GPP_v01_LT_CFE-Hybrid_NT_201908.nc,2.0,1712.0,0.019999999552965164,17.119998931884766,21024091,0,21024091,True
2019-09,/Users/trevorkeenan/Data/CEDAR_GPP/LT_CFE-Hybrid_NT/CEDAR-GPP_v01_LT_CFE-Hybrid_NT_201909.nc,0.0,1418.0,0.0,14.179999351501465,21024091,0,21024091,True
2019-10,/Users/trevorkeenan/Data/CEDAR_GPP/LT_CFE-Hybrid_NT/CEDAR-GPP_v01_LT_CFE-Hybrid_NT_201910.nc,0.0,1226.0,0.0,12.25999927520752,21024091,0,21024091,True
2019-11,/Users/trevorkeenan/Data/CEDAR_GPP/LT_CFE-Hybrid_NT/CEDAR-GPP_v01_LT_CFE-Hybrid_NT_201911.nc,0.0,1294.0,0.0,12.9399995803833,21024091,0,21024091,True
2019-12,/Users/trevorkeenan/Data/CEDAR_GPP/LT_CFE-Hybrid_NT/CEDAR-GPP_v01_LT_CFE-Hybrid_NT_201912.nc,0.0,1432.0,0.0,14.319999694824219,21024091,0,21024091,True
2020-01,/Users/trevorkeenan/Data/CEDAR_GPP/LT_CFE-Hybrid_NT/CEDAR-GPP_v01_LT_CFE-Hybrid_NT_202001.nc,0.0,1557.0,0.0,15.569999694824219,21024091,0,21024091,True
2020-02,/Users/trevorkeenan/Data/CEDAR_GPP/LT_CFE-Hybrid_NT/CEDAR-GPP_v01_LT_CFE-Hybrid_NT_202002.nc,0.0,1538.0,0.0,15.380000114440918,21024091,0,21024091,True
2020-03,/Users/trevorkeenan/Data/CEDAR_GPP/LT_CFE-Hybrid_NT/CEDAR-GPP_v01_LT_CFE-Hybrid_NT_202003.nc,0.0,1346.0,0.0,13.460000038146973,21024091,0,21024091,True
2020-04,/Users/trevorkeenan/Data/CEDAR_GPP/LT_CFE-Hybrid_NT/CEDAR-GPP_v01_LT_CFE-Hybrid_NT_202004.nc,0.0,1319.0,0.0,13.1899995803833,21024091,0,21024091,True
2020-05,/Users/trevorkeenan/Data/CEDAR_GPP/LT_CFE-Hybrid_NT/CEDAR-GPP_v01_LT_CFE-Hybrid_NT_202005.nc,4.0,1365.0,0.03999999910593033,13.649999618530273,21024091,0,21024091,True
2020-06,/Users/trevorkeenan/Data/CEDAR_GPP/LT_CFE-Hybrid_NT/CEDAR-GPP_v01_LT_CFE-Hybrid_NT_202006.nc,0.0,1743.0,0.0,17.43000030517578,21024091,0,21024091,True
2020-07,/Users/trevorkeenan/Data/CEDAR_GPP/LT_CFE-Hybrid_NT/CEDAR-GPP_v01_LT_CFE-Hybrid_NT_202007.nc,0.0,1814.0,0.0,18.139999389648438,21024091,0,21024091,True
2020-08,/Users/trevorkeenan/Data/CEDAR_GPP/LT_CFE-Hybrid_NT/CEDAR-GPP_v01_LT_CFE-Hybrid_NT_202008.nc,2.0,1797.0,0.019999999552965164,17.969999313354492,21024091,0,21024091,True
2020-09,/Users/trevorkeenan/Data/CEDAR_GPP/LT_CFE-Hybrid_NT/CEDAR-GPP_v01_LT_CFE-Hybrid_NT_202009.nc,0.0,1378.0,0.0,13.779999732971191,21024091,0,21024091,True
2020-10,/Users/trevorkeenan/Data/CEDAR_GPP/LT_CFE-Hybrid_NT/CEDAR-GPP_v01_LT_CFE-Hybrid_NT_202010.nc,0.0,1288.0,0.0,12.880000114440918,21024091,0,21024091,True
2020-11,/Users/trevorkeenan/Data/CEDAR_GPP/LT_CFE-Hybrid_NT/CEDAR-GPP_v01_LT_CFE-Hybrid_NT_202011.nc,0.0,1283.0,0.0,12.829999923706055,21024091,0,21024091,True
2020-12,/Users/trevorkeenan/Data/CEDAR_GPP/LT_CFE-Hybrid_NT/CEDAR-GPP_v01_LT_CFE-Hybrid_NT_202012.nc,0.0,1469.0,0.0,14.6899995803833,21024091,0,21024091,True
