site_id,site_name,country,data_hub,network,source_network,vegetation_type,first_year,last_year,latitude,longitude,download_link,download_mode,source,source_label,source_reason,source_priority,source_origin,object_id,file_name,direct_download_url,metadata_url,access_url,object_spec,project,coverage_start,coverage_end,production_end,citation
BE-Bra,Brasschaat,BE,ICOS,FLX,FLX,Evergreen Needleleaf Forests,1996,2020,51.30761,4.51984,https://data.icos-cp.eu/licence_accept?ids=%5B%225BCT4nKCoGaYQh77DW6OW7gs%22%5D&fileName=FLX_BE-Bra_FLUXNET2015_FULLSET_1996-2020_beta-3.zip,direct,ICOS,ICOS,Discovered directly from ICOS Carbon Portal FLUXNET metadata.,300,icos_direct,5BCT4nKCoGaYQh77DW6OW7gs,FLX_BE-Bra_FLUXNET2015_FULLSET_1996-2020_beta-3.zip,https://data.icos-cp.eu/licence_accept?ids=%5B%225BCT4nKCoGaYQh77DW6OW7gs%22%5D&fileName=FLX_BE-Bra_FLUXNET2015_FULLSET_1996-2020_beta-3.zip,https://meta.icos-cp.eu/objects/5BCT4nKCoGaYQh77DW6OW7gs,https://data.icos-cp.eu/objects/5BCT4nKCoGaYQh77DW6OW7gs,http://meta.icos-cp.eu/resources/cpmeta/miscFluxnetArchiveProduct,http://meta.icos-cp.eu/resources/projects/FLUXNET,1996-01-01T00:00:00Z,2021-01-01T00:00:00Z,2022-01-27T16:36:49.409195Z,"Janssens, I., De Meulder, T., Roland, M., Segers, J., ICOS Ecosystem Thematic Centre, 2022. Warm winter 2020 ecosystem eddy covariance flux product from Brasschaat. https://doi.org/10.18160/YVBQ-K6WF"
BE-Dor,Dorinne,BE,ICOS,FLX,FLX,Grasslands,2011,2020,50.311874,4.968113,https://data.icos-cp.eu/licence_accept?ids=%5B%22jj6XKOTi8v0NFqA8vPylKMPX%22%5D&fileName=FLX_BE-Dor_FLUXNET2015_FULLSET_2011-2020_beta-3.zip,direct,ICOS,ICOS,Discovered directly from ICOS Carbon Portal FLUXNET metadata.,300,icos_direct,jj6XKOTi8v0NFqA8vPylKMPX,FLX_BE-Dor_FLUXNET2015_FULLSET_2011-2020_beta-3.zip,https://data.icos-cp.eu/licence_accept?ids=%5B%22jj6XKOTi8v0NFqA8vPylKMPX%22%5D&fileName=FLX_BE-Dor_FLUXNET2015_FULLSET_2011-2020_beta-3.zip,https://meta.icos-cp.eu/objects/jj6XKOTi8v0NFqA8vPylKMPX,https://data.icos-cp.eu/objects/jj6XKOTi8v0NFqA8vPylKMPX,http://meta.icos-cp.eu/resources/cpmeta/miscFluxnetArchiveProduct,http://meta.icos-cp.eu/resources/projects/FLUXNET,2011-01-01T00:00:00Z,2021-01-01T00:00:00Z,2022-01-27T16:36:53.456124Z,"Heinesch, B., De Ligne, A., de la Motte, L.G., Manise, T., ICOS Ecosystem Thematic Centre, 2022. Warm winter 2020 ecosystem eddy covariance flux product from Dorinne. https://doi.org/10.18160/P7JG-DVR4"
BE-Lcr,Lochristi,BE,ICOS,FLX,FLX,Deciduous Broadleaf Forests,2019,2020,51.11218,3.85043,https://data.icos-cp.eu/licence_accept?ids=%5B%22-C7VDYrq2a4_XF1veXiBILdV%22%5D&fileName=FLX_BE-Lcr_FLUXNET2015_FULLSET_2019-2020_beta-3.zip,direct,ICOS,ICOS,Discovered directly from ICOS Carbon Portal FLUXNET metadata.,300,icos_direct,-C7VDYrq2a4_XF1veXiBILdV,FLX_BE-Lcr_FLUXNET2015_FULLSET_2019-2020_beta-3.zip,https://data.icos-cp.eu/licence_accept?ids=%5B%22-C7VDYrq2a4_XF1veXiBILdV%22%5D&fileName=FLX_BE-Lcr_FLUXNET2015_FULLSET_2019-2020_beta-3.zip,https://meta.icos-cp.eu/objects/-C7VDYrq2a4_XF1veXiBILdV,https://data.icos-cp.eu/objects/-C7VDYrq2a4_XF1veXiBILdV,http://meta.icos-cp.eu/resources/cpmeta/miscFluxnetArchiveProduct,http://meta.icos-cp.eu/resources/projects/FLUXNET,2019-01-01T00:00:00Z,2021-01-01T00:00:00Z,2022-01-27T16:36:55.775835Z,"De Meulder, T., Segers, J., Roland, M., Arriga, N., ICOS Ecosystem Thematic Centre, 2022. Warm winter 2020 ecosystem eddy covariance flux product from Lochristi. https://doi.org/10.18160/9CZ8-7Q8Q"
BE-Lon,Lonzee,BE,ICOS,FLX,FLX,Croplands,2004,2020,50.55162,4.746234,https://data.icos-cp.eu/licence_accept?ids=%5B%22URIAsjYz5-1CoewJ3zzNF59K%22%5D&fileName=FLX_BE-Lon_FLUXNET2015_FULLSET_2004-2020_beta-3.zip,direct,ICOS,ICOS,Discovered directly from ICOS Carbon Portal FLUXNET metadata.,300,icos_direct,URIAsjYz5-1CoewJ3zzNF59K,FLX_BE-Lon_FLUXNET2015_FULLSET_2004-2020_beta-3.zip,https://data.icos-cp.eu/licence_accept?ids=%5B%22URIAsjYz5-1CoewJ3zzNF59K%22%5D&fileName=FLX_BE-Lon_FLUXNET2015_FULLSET_2004-2020_beta-3.zip,https://meta.icos-cp.eu/objects/URIAsjYz5-1CoewJ3zzNF59K,https://data.icos-cp.eu/objects/URIAsjYz5-1CoewJ3zzNF59K,http://meta.icos-cp.eu/resources/cpmeta/miscFluxnetArchiveProduct,http://meta.icos-cp.eu/resources/projects/FLUXNET,2004-01-01T00:00:00Z,2021-01-01T00:00:00Z,2022-01-27T16:37:07.989135Z,"Heinesch, B., De Ligne, A., Manise, T., Longdoz, B., ICOS Ecosystem Thematic Centre, 2022. Warm winter 2020 ecosystem eddy covariance flux product from Lonzee. https://doi.org/10.18160/46P3-WT1D"
BE-Maa,Maasmechelen,BE,ICOS,FLX,FLX,Closed Shrublands,2016,2020,50.97987,5.631851,https://data.icos-cp.eu/licence_accept?ids=%5B%22mqFGBbnviCPvS_Vhben9pjsa%22%5D&fileName=FLX_BE-Maa_FLUXNET2015_FULLSET_2016-2020_beta-3.zip,direct,ICOS,ICOS,Discovered directly from ICOS Carbon Portal FLUXNET metadata.,300,icos_direct,mqFGBbnviCPvS_Vhben9pjsa,FLX_BE-Maa_FLUXNET2015_FULLSET_2016-2020_beta-3.zip,https://data.icos-cp.eu/licence_accept?ids=%5B%22mqFGBbnviCPvS_Vhben9pjsa%22%5D&fileName=FLX_BE-Maa_FLUXNET2015_FULLSET_2016-2020_beta-3.zip,https://meta.icos-cp.eu/objects/mqFGBbnviCPvS_Vhben9pjsa,https://data.icos-cp.eu/objects/mqFGBbnviCPvS_Vhben9pjsa,http://meta.icos-cp.eu/resources/cpmeta/miscFluxnetArchiveProduct,http://meta.icos-cp.eu/resources/projects/FLUXNET,2016-01-01T00:00:00Z,2021-01-01T00:00:00Z,2022-01-27T16:37:11.285747Z,"Roland, M., De Meulder, T., Arriga, N., ICOS Ecosystem Thematic Centre, 2022. Warm winter 2020 ecosystem eddy covariance flux product from Maasmechelen. https://doi.org/10.18160/DZGF-E5WW"
BE-Vie,Vielsalm,BE,ICOS,FLX,FLX,Mixed Forests,1996,2020,50.304962,5.998099,https://data.icos-cp.eu/licence_accept?ids=%5B%22roUnkgssFKhxi3o9zcIP00Cw%22%5D&fileName=FLX_BE-Vie_FLUXNET2015_FULLSET_1996-2020_beta-3.zip,direct,ICOS,ICOS,Discovered directly from ICOS Carbon Portal FLUXNET metadata.,300,icos_direct,roUnkgssFKhxi3o9zcIP00Cw,FLX_BE-Vie_FLUXNET2015_FULLSET_1996-2020_beta-3.zip,https://data.icos-cp.eu/licence_accept?ids=%5B%22roUnkgssFKhxi3o9zcIP00Cw%22%5D&fileName=FLX_BE-Vie_FLUXNET2015_FULLSET_1996-2020_beta-3.zip,https://meta.icos-cp.eu/objects/roUnkgssFKhxi3o9zcIP00Cw,https://data.icos-cp.eu/objects/roUnkgssFKhxi3o9zcIP00Cw,http://meta.icos-cp.eu/resources/cpmeta/miscFluxnetArchiveProduct,http://meta.icos-cp.eu/resources/projects/FLUXNET,1996-01-01T00:00:00Z,2021-01-01T00:00:00Z,2022-01-27T16:37:17.294682Z,"Vincke, C., Heinesch, B., Longdoz, B., ICOS Ecosystem Thematic Centre, 2022. Warm winter 2020 ecosystem eddy covariance flux product from Vielsalm. https://doi.org/10.18160/DF9X-QMRK"
CH-Aws,Alp Weissenstein,CH,ICOS,FLX,FLX,Grasslands,2006,2020,46.58311,9.790639,https://data.icos-cp.eu/licence_accept?ids=%5B%22VkGrjtW55kqwRA5NVaarqoTu%22%5D&fileName=FLX_CH-Aws_FLUXNET2015_FULLSET_2006-2020_beta-3.zip,direct,ICOS,ICOS,Discovered directly from ICOS Carbon Portal FLUXNET metadata.,300,icos_direct,VkGrjtW55kqwRA5NVaarqoTu,FLX_CH-Aws_FLUXNET2015_FULLSET_2006-2020_beta-3.zip,https://data.icos-cp.eu/licence_accept?ids=%5B%22VkGrjtW55kqwRA5NVaarqoTu%22%5D&fileName=FLX_CH-Aws_FLUXNET2015_FULLSET_2006-2020_beta-3.zip,https://meta.icos-cp.eu/objects/VkGrjtW55kqwRA5NVaarqoTu,https://data.icos-cp.eu/objects/VkGrjtW55kqwRA5NVaarqoTu,http://meta.icos-cp.eu/resources/cpmeta/miscFluxnetArchiveProduct,http://meta.icos-cp.eu/resources/projects/FLUXNET,2006-01-01T00:00:00Z,2021-01-01T00:00:00Z,2022-01-27T16:37:27.648994Z,"Buchmann, N., Eugster, W., Ghiasi, S., ICOS Ecosystem Thematic Centre, 2022. Warm winter 2020 ecosystem eddy covariance flux product from Alp Weissenstein. https://doi.org/10.18160/ASYZ-4T3X"
CH-Cha,Chamau,CH,ICOS,FLX,FLX,Grasslands,2005,2020,47.21022,8.410444,https://data.icos-cp.eu/licence_accept?ids=%5B%22koB6mqHO4cQwzJsGsisB0ZDG%22%5D&fileName=FLX_CH-Cha_FLUXNET2015_FULLSET_2005-2020_beta-3.zip,direct,ICOS,ICOS,Discovered directly from ICOS Carbon Portal FLUXNET metadata.,300,icos_direct,koB6mqHO4cQwzJsGsisB0ZDG,FLX_CH-Cha_FLUXNET2015_FULLSET_2005-2020_beta-3.zip,https://data.icos-cp.eu/licence_accept?ids=%5B%22koB6mqHO4cQwzJsGsisB0ZDG%22%5D&fileName=FLX_CH-Cha_FLUXNET2015_FULLSET_2005-2020_beta-3.zip,https://meta.icos-cp.eu/objects/koB6mqHO4cQwzJsGsisB0ZDG,https://data.icos-cp.eu/objects/koB6mqHO4cQwzJsGsisB0ZDG,http://meta.icos-cp.eu/resources/cpmeta/miscFluxnetArchiveProduct,http://meta.icos-cp.eu/resources/projects/FLUXNET,2005-01-01T00:00:00Z,2021-01-01T00:00:00Z,2022-01-27T16:37:32.595722Z,"Buchmann, N., Merbold, L., Fuchs, K., Feigenwinter, I., ICOS Ecosystem Thematic Centre, 2022. Warm winter 2020 ecosystem eddy covariance flux product from Chamau grassland. https://doi.org/10.18160/V5RX-VAWY"
CH-Dav,Davos,CH,ICOS,FLX,FLX,Evergreen Needleleaf Forests,1997,2020,46.81533,9.85591,https://data.icos-cp.eu/licence_accept?ids=%5B%22sFaiiz5zR6xQptdXMmyKmuok%22%5D&fileName=FLX_CH-Dav_FLUXNET2015_FULLSET_1997-2020_beta-3.zip,direct,ICOS,ICOS,Discovered directly from ICOS Carbon Portal FLUXNET metadata.,300,icos_direct,sFaiiz5zR6xQptdXMmyKmuok,FLX_CH-Dav_FLUXNET2015_FULLSET_1997-2020_beta-3.zip,https://data.icos-cp.eu/licence_accept?ids=%5B%22sFaiiz5zR6xQptdXMmyKmuok%22%5D&fileName=FLX_CH-Dav_FLUXNET2015_FULLSET_1997-2020_beta-3.zip,https://meta.icos-cp.eu/objects/sFaiiz5zR6xQptdXMmyKmuok,https://data.icos-cp.eu/objects/sFaiiz5zR6xQptdXMmyKmuok,http://meta.icos-cp.eu/resources/cpmeta/miscFluxnetArchiveProduct,http://meta.icos-cp.eu/resources/projects/FLUXNET,1997-01-01T00:00:00Z,2021-01-01T00:00:00Z,2022-01-27T16:37:38.421165Z,"Buchmann, N., Hörtnagl, L., Merbold, L., Gharun, M., ICOS Ecosystem Thematic Centre, 2022. Warm winter 2020 ecosystem eddy covariance flux product from Davos. https://doi.org/10.18160/1JA9-VJEV"
CH-Fru,Fruebuel,CH,ICOS,FLX,FLX,Grasslands,2005,2020,47.115833,8.537778,https://data.icos-cp.eu/licence_accept?ids=%5B%22e8GBwlcZZWWDFrQ3nvUx4yLe%22%5D&fileName=FLX_CH-Fru_FLUXNET2015_FULLSET_2005-2020_beta-3.zip,direct,ICOS,ICOS,Discovered directly from ICOS Carbon Portal FLUXNET metadata.,300,icos_direct,e8GBwlcZZWWDFrQ3nvUx4yLe,FLX_CH-Fru_FLUXNET2015_FULLSET_2005-2020_beta-3.zip,https://data.icos-cp.eu/licence_accept?ids=%5B%22e8GBwlcZZWWDFrQ3nvUx4yLe%22%5D&fileName=FLX_CH-Fru_FLUXNET2015_FULLSET_2005-2020_beta-3.zip,https://meta.icos-cp.eu/objects/e8GBwlcZZWWDFrQ3nvUx4yLe,https://data.icos-cp.eu/objects/e8GBwlcZZWWDFrQ3nvUx4yLe,http://meta.icos-cp.eu/resources/cpmeta/miscFluxnetArchiveProduct,http://meta.icos-cp.eu/resources/projects/FLUXNET,2005-01-01T00:00:00Z,2021-01-01T00:00:00Z,2022-01-27T16:37:42.720786Z,"Buchmann, N., Eugster, W., Hörtnagl, L., Fuchs, K., ICOS Ecosystem Thematic Centre, 2022. Warm winter 2020 ecosystem eddy covariance flux product from Fruebuel grassland. https://doi.org/10.18160/4SAX-0ZYA"
CH-Lae,Laegern,CH,ICOS,FLX,FLX,Mixed Forests,2004,2020,47.478333,8.364389,https://data.icos-cp.eu/licence_accept?ids=%5B%22zzxYRkb10enYVYruZXN0Dr1z%22%5D&fileName=FLX_CH-Lae_FLUXNET2015_FULLSET_2004-2020_beta-3.zip,direct,ICOS,ICOS,Discovered directly from ICOS Carbon Portal FLUXNET metadata.,300,icos_direct,zzxYRkb10enYVYruZXN0Dr1z,FLX_CH-Lae_FLUXNET2015_FULLSET_2004-2020_beta-3.zip,https://data.icos-cp.eu/licence_accept?ids=%5B%22zzxYRkb10enYVYruZXN0Dr1z%22%5D&fileName=FLX_CH-Lae_FLUXNET2015_FULLSET_2004-2020_beta-3.zip,https://meta.icos-cp.eu/objects/zzxYRkb10enYVYruZXN0Dr1z,https://data.icos-cp.eu/objects/zzxYRkb10enYVYruZXN0Dr1z,http://meta.icos-cp.eu/resources/cpmeta/miscFluxnetArchiveProduct,http://meta.icos-cp.eu/resources/projects/FLUXNET,2004-01-01T00:00:00Z,2021-01-01T00:00:00Z,2022-01-27T16:37:47.247517Z,"Buchmann, N., Eugster, W., Paul-Limoges, E., Gharun, M., ICOS Ecosystem Thematic Centre, 2022. Warm winter 2020 ecosystem eddy covariance flux product from Laegern. https://doi.org/10.18160/51Z6-S5XF"
CH-Oe2,Oensingen crop,CH,ICOS,FLX,FLX,Croplands,2004,2020,47.286415,7.73375,https://data.icos-cp.eu/licence_accept?ids=%5B%227i_v9UXL8pEZz8raKJX-3IqK%22%5D&fileName=FLX_CH-Oe2_FLUXNET2015_FULLSET_2004-2020_beta-3.zip,direct,ICOS,ICOS,Discovered directly from ICOS Carbon Portal FLUXNET metadata.,300,icos_direct,7i_v9UXL8pEZz8raKJX-3IqK,FLX_CH-Oe2_FLUXNET2015_FULLSET_2004-2020_beta-3.zip,https://data.icos-cp.eu/licence_accept?ids=%5B%227i_v9UXL8pEZz8raKJX-3IqK%22%5D&fileName=FLX_CH-Oe2_FLUXNET2015_FULLSET_2004-2020_beta-3.zip,https://meta.icos-cp.eu/objects/7i_v9UXL8pEZz8raKJX-3IqK,https://data.icos-cp.eu/objects/7i_v9UXL8pEZz8raKJX-3IqK,http://meta.icos-cp.eu/resources/cpmeta/miscFluxnetArchiveProduct,http://meta.icos-cp.eu/resources/projects/FLUXNET,2004-01-01T00:00:00Z,2021-01-01T00:00:00Z,2022-01-27T16:37:51.909822Z,"Buchmann, N., Eugster, W., Emmel, C., Maier, R., ICOS Ecosystem Thematic Centre, 2022. Warm winter 2020 ecosystem eddy covariance flux product from Oensingen crop. https://doi.org/10.18160/1Y8J-NKQ3"
CZ-BK1,Bily Kriz forest,CZ,ICOS,FLX,FLX,Evergreen Needleleaf Forests,2004,2020,49.502075,18.536882,https://data.icos-cp.eu/licence_accept?ids=%5B%22Ru01KATyDlvqFkOzvB7eBcrY%22%5D&fileName=FLX_CZ-BK1_FLUXNET2015_FULLSET_2004-2020_beta-3.zip,direct,ICOS,ICOS,Discovered directly from ICOS Carbon Portal FLUXNET metadata.,300,icos_direct,Ru01KATyDlvqFkOzvB7eBcrY,FLX_CZ-BK1_FLUXNET2015_FULLSET_2004-2020_beta-3.zip,https://data.icos-cp.eu/licence_accept?ids=%5B%22Ru01KATyDlvqFkOzvB7eBcrY%22%5D&fileName=FLX_CZ-BK1_FLUXNET2015_FULLSET_2004-2020_beta-3.zip,https://meta.icos-cp.eu/objects/Ru01KATyDlvqFkOzvB7eBcrY,https://data.icos-cp.eu/objects/Ru01KATyDlvqFkOzvB7eBcrY,http://meta.icos-cp.eu/resources/cpmeta/miscFluxnetArchiveProduct,http://meta.icos-cp.eu/resources/projects/FLUXNET,2004-01-01T00:00:00Z,2021-01-01T00:00:00Z,2022-01-27T16:38:03.073357Z,"Sigut, L., Foltýnová, L., Kowalska, N., Pavelka, M., ICOS Ecosystem Thematic Centre, 2022. Warm winter 2020 ecosystem eddy covariance flux product from Bily Kriz forest. https://doi.org/10.18160/2X51-1SD0"
CZ-KrP,Kresin u Pacova,CZ,ICOS,FLX,FLX,Croplands,2014,2020,49.573257,15.078773,https://data.icos-cp.eu/licence_accept?ids=%5B%220as8x1Ute1KMtHqRXUY76ViJ%22%5D&fileName=FLX_CZ-KrP_FLUXNET2015_FULLSET_2014-2020_beta-3.zip,direct,ICOS,ICOS,Discovered directly from ICOS Carbon Portal FLUXNET metadata.,300,icos_direct,0as8x1Ute1KMtHqRXUY76ViJ,FLX_CZ-KrP_FLUXNET2015_FULLSET_2014-2020_beta-3.zip,https://data.icos-cp.eu/licence_accept?ids=%5B%220as8x1Ute1KMtHqRXUY76ViJ%22%5D&fileName=FLX_CZ-KrP_FLUXNET2015_FULLSET_2014-2020_beta-3.zip,https://meta.icos-cp.eu/objects/0as8x1Ute1KMtHqRXUY76ViJ,https://data.icos-cp.eu/objects/0as8x1Ute1KMtHqRXUY76ViJ,http://meta.icos-cp.eu/resources/cpmeta/miscFluxnetArchiveProduct,http://meta.icos-cp.eu/resources/projects/FLUXNET,2014-01-01T00:00:00Z,2021-01-01T00:00:00Z,2022-01-27T16:38:06.228597Z,"Acosta, M., Czerný, R., Fischer, M., ICOS Ecosystem Thematic Centre, 2022. Warm winter 2020 ecosystem eddy covariance flux product from Kresin u Pacova. https://doi.org/10.18160/9A8S-EJVK"
CZ-Lnz,Lanzhot,CZ,ICOS,FLX,FLX,Deciduous Broadleaf Forests,2015,2020,48.68155,16.946331,https://data.icos-cp.eu/licence_accept?ids=%5B%22LaXYKv7nUEOYLD62wr43PK7H%22%5D&fileName=FLX_CZ-Lnz_FLUXNET2015_FULLSET_2015-2020_beta-3.zip,direct,ICOS,ICOS,Discovered directly from ICOS Carbon Portal FLUXNET metadata.,300,icos_direct,LaXYKv7nUEOYLD62wr43PK7H,FLX_CZ-Lnz_FLUXNET2015_FULLSET_2015-2020_beta-3.zip,https://data.icos-cp.eu/licence_accept?ids=%5B%22LaXYKv7nUEOYLD62wr43PK7H%22%5D&fileName=FLX_CZ-Lnz_FLUXNET2015_FULLSET_2015-2020_beta-3.zip,https://meta.icos-cp.eu/objects/LaXYKv7nUEOYLD62wr43PK7H,https://data.icos-cp.eu/objects/LaXYKv7nUEOYLD62wr43PK7H,http://meta.icos-cp.eu/resources/cpmeta/miscFluxnetArchiveProduct,http://meta.icos-cp.eu/resources/projects/FLUXNET,2015-01-01T00:00:00Z,2021-01-01T00:00:00Z,2022-01-27T16:38:09.718942Z,"Kowalska, N., Havrankova, K., Czerný, R., ICOS Ecosystem Thematic Centre, 2022. Warm winter 2020 ecosystem eddy covariance flux product from Lanzhot. https://doi.org/10.18160/4HZC-4JSG"
CZ-RAJ,Rajec,CZ,ICOS,FLX,FLX,Evergreen Needleleaf Forests,2012,2020,49.44372,16.696512,https://data.icos-cp.eu/licence_accept?ids=%5B%225vXGqp4aeQL0y5AOycJDkW_6%22%5D&fileName=FLX_CZ-RAJ_FLUXNET2015_FULLSET_2012-2020_beta-3.zip,direct,ICOS,ICOS,Discovered directly from ICOS Carbon Portal FLUXNET metadata.,300,icos_direct,5vXGqp4aeQL0y5AOycJDkW_6,FLX_CZ-RAJ_FLUXNET2015_FULLSET_2012-2020_beta-3.zip,https://data.icos-cp.eu/licence_accept?ids=%5B%225vXGqp4aeQL0y5AOycJDkW_6%22%5D&fileName=FLX_CZ-RAJ_FLUXNET2015_FULLSET_2012-2020_beta-3.zip,https://meta.icos-cp.eu/objects/5vXGqp4aeQL0y5AOycJDkW_6,https://data.icos-cp.eu/objects/5vXGqp4aeQL0y5AOycJDkW_6,http://meta.icos-cp.eu/resources/cpmeta/miscFluxnetArchiveProduct,http://meta.icos-cp.eu/resources/projects/FLUXNET,2012-01-01T00:00:00Z,2021-01-01T00:00:00Z,2022-01-27T16:38:13.793815Z,"Sigut, L., Foltýnová, L., Czerný, R., Pavelka, M., ICOS Ecosystem Thematic Centre, 2022. Warm winter 2020 ecosystem eddy covariance flux product from Rajec. https://doi.org/10.18160/AAYD-C9FK"
CZ-Stn,Stitna,CZ,ICOS,FLX,FLX,Deciduous Broadleaf Forests,2010,2020,49.035976,17.9699,https://data.icos-cp.eu/licence_accept?ids=%5B%22dk2fz16o17KBGIToFlaJ1Oh5%22%5D&fileName=FLX_CZ-Stn_FLUXNET2015_FULLSET_2010-2020_beta-3.zip,direct,ICOS,ICOS,Discovered directly from ICOS Carbon Portal FLUXNET metadata.,300,icos_direct,dk2fz16o17KBGIToFlaJ1Oh5,FLX_CZ-Stn_FLUXNET2015_FULLSET_2010-2020_beta-3.zip,https://data.icos-cp.eu/licence_accept?ids=%5B%22dk2fz16o17KBGIToFlaJ1Oh5%22%5D&fileName=FLX_CZ-Stn_FLUXNET2015_FULLSET_2010-2020_beta-3.zip,https://meta.icos-cp.eu/objects/dk2fz16o17KBGIToFlaJ1Oh5,https://data.icos-cp.eu/objects/dk2fz16o17KBGIToFlaJ1Oh5,http://meta.icos-cp.eu/resources/cpmeta/miscFluxnetArchiveProduct,http://meta.icos-cp.eu/resources/projects/FLUXNET,2010-01-01T00:00:00Z,2021-01-01T00:00:00Z,2022-01-27T16:38:18.264946Z,"Sigut, L., Foltýnová, L., Czerný, R., Pavelka, M., ICOS Ecosystem Thematic Centre, 2022. Warm winter 2020 ecosystem eddy covariance flux product from Stitna. https://doi.org/10.18160/0JY0-ZCD6"
CZ-wet,Trebon,CZ,ICOS,FLX,FLX,Permanent Wetlands,2006,2020,49.02465,14.77035,https://data.icos-cp.eu/licence_accept?ids=%5B%22WqomSESPhl5v4kSBTaptjFgD%22%5D&fileName=FLX_CZ-wet_FLUXNET2015_FULLSET_2006-2020_beta-3.zip,direct,ICOS,ICOS,Discovered directly from ICOS Carbon Portal FLUXNET metadata.,300,icos_direct,WqomSESPhl5v4kSBTaptjFgD,FLX_CZ-wet_FLUXNET2015_FULLSET_2006-2020_beta-3.zip,https://data.icos-cp.eu/licence_accept?ids=%5B%22WqomSESPhl5v4kSBTaptjFgD%22%5D&fileName=FLX_CZ-wet_FLUXNET2015_FULLSET_2006-2020_beta-3.zip,https://meta.icos-cp.eu/objects/WqomSESPhl5v4kSBTaptjFgD,https://data.icos-cp.eu/objects/WqomSESPhl5v4kSBTaptjFgD,http://meta.icos-cp.eu/resources/cpmeta/miscFluxnetArchiveProduct,http://meta.icos-cp.eu/resources/projects/FLUXNET,2006-01-01T00:00:00Z,2021-01-01T00:00:00Z,2022-01-27T16:38:27.784365Z,"Dušek, J., Czerný, R., Kowalska, N., Pavelka, M., ICOS Ecosystem Thematic Centre, 2022. Warm winter 2020 ecosystem eddy covariance flux product from Trebon. https://doi.org/10.18160/ZHF2-E96G"
DE-Akm,Anklam,DE,ICOS,FLX,FLX,Permanent Wetlands,2009,2020,53.86617,13.68342,https://data.icos-cp.eu/licence_accept?ids=%5B%22Gbm7LqjxKe_wzyNQseM66UJc%22%5D&fileName=FLX_DE-Akm_FLUXNET2015_FULLSET_2009-2020_beta-3.zip,direct,ICOS,ICOS,Discovered directly from ICOS Carbon Portal FLUXNET metadata.,300,icos_direct,Gbm7LqjxKe_wzyNQseM66UJc,FLX_DE-Akm_FLUXNET2015_FULLSET_2009-2020_beta-3.zip,https://data.icos-cp.eu/licence_accept?ids=%5B%22Gbm7LqjxKe_wzyNQseM66UJc%22%5D&fileName=FLX_DE-Akm_FLUXNET2015_FULLSET_2009-2020_beta-3.zip,https://meta.icos-cp.eu/objects/Gbm7LqjxKe_wzyNQseM66UJc,https://data.icos-cp.eu/objects/Gbm7LqjxKe_wzyNQseM66UJc,http://meta.icos-cp.eu/resources/cpmeta/miscFluxnetArchiveProduct,http://meta.icos-cp.eu/resources/projects/FLUXNET,2009-01-01T00:00:00Z,2021-01-01T00:00:00Z,2022-01-27T16:38:37.062295Z,"Bernhofer, C., Gruenwald, J.T., ICOS Ecosystem Thematic Centre, 2022. Warm winter 2020 ecosystem eddy covariance flux product from Anklam. https://doi.org/10.18160/5ZKC-H1RR"
DE-Geb,Gebesee,DE,ICOS,FLX,FLX,Croplands,2001,2020,51.09973,10.91463,https://data.icos-cp.eu/licence_accept?ids=%5B%22_9OUPl0C-LChCxEpZMmdg-00%22%5D&fileName=FLX_DE-Geb_FLUXNET2015_FULLSET_2001-2020_beta-3.zip,direct,ICOS,ICOS,Discovered directly from ICOS Carbon Portal FLUXNET metadata.,300,icos_direct,_9OUPl0C-LChCxEpZMmdg-00,FLX_DE-Geb_FLUXNET2015_FULLSET_2001-2020_beta-3.zip,https://data.icos-cp.eu/licence_accept?ids=%5B%22_9OUPl0C-LChCxEpZMmdg-00%22%5D&fileName=FLX_DE-Geb_FLUXNET2015_FULLSET_2001-2020_beta-3.zip,https://meta.icos-cp.eu/objects/_9OUPl0C-LChCxEpZMmdg-00,https://data.icos-cp.eu/objects/_9OUPl0C-LChCxEpZMmdg-00,http://meta.icos-cp.eu/resources/cpmeta/miscFluxnetArchiveProduct,http://meta.icos-cp.eu/resources/projects/FLUXNET,2001-01-01T00:00:00Z,2021-01-01T00:00:00Z,2022-01-27T16:38:42.873376Z,"Bruemmer, C., Schrader, F., Delorme, J.-P., Lucas-Moffat, A., ICOS Ecosystem Thematic Centre, 2022. Warm winter 2020 ecosystem eddy covariance flux product from Gebesee. https://doi.org/10.18160/KVAC-KYEX"
DE-Gri,Grillenburg,DE,ICOS,FLX,FLX,Grasslands,2004,2020,50.950005,13.512533,https://data.icos-cp.eu/licence_accept?ids=%5B%22Jh-5n8jmckZX96mRSbLlYlZp%22%5D&fileName=FLX_DE-Gri_FLUXNET2015_FULLSET_2004-2020_beta-3.zip,direct,ICOS,ICOS,Discovered directly from ICOS Carbon Portal FLUXNET metadata.,300,icos_direct,Jh-5n8jmckZX96mRSbLlYlZp,FLX_DE-Gri_FLUXNET2015_FULLSET_2004-2020_beta-3.zip,https://data.icos-cp.eu/licence_accept?ids=%5B%22Jh-5n8jmckZX96mRSbLlYlZp%22%5D&fileName=FLX_DE-Gri_FLUXNET2015_FULLSET_2004-2020_beta-3.zip,https://meta.icos-cp.eu/objects/Jh-5n8jmckZX96mRSbLlYlZp,https://data.icos-cp.eu/objects/Jh-5n8jmckZX96mRSbLlYlZp,http://meta.icos-cp.eu/resources/cpmeta/miscFluxnetArchiveProduct,http://meta.icos-cp.eu/resources/projects/FLUXNET,2004-01-01T00:00:00Z,2021-01-01T00:00:00Z,2022-01-27T16:38:47.556360Z,"Bernhofer, C., Gruenwald, J.T., ICOS Ecosystem Thematic Centre, 2022. Warm winter 2020 ecosystem eddy covariance flux product from Grillenburg. https://doi.org/10.18160/A4NW-3VE1"
DE-Hai,Hainich,DE,ICOS,FLX,FLX,Deciduous Broadleaf Forests,2000,2020,51.079212,10.452168,https://data.icos-cp.eu/licence_accept?ids=%5B%22sBVCFgtbGsIf7OefkrQ0Ahnp%22%5D&fileName=FLX_DE-Hai_FLUXNET2015_FULLSET_2000-2020_beta-3.zip,direct,ICOS,ICOS,Discovered directly from ICOS Carbon Portal FLUXNET metadata.,300,icos_direct,sBVCFgtbGsIf7OefkrQ0Ahnp,FLX_DE-Hai_FLUXNET2015_FULLSET_2000-2020_beta-3.zip,https://data.icos-cp.eu/licence_accept?ids=%5B%22sBVCFgtbGsIf7OefkrQ0Ahnp%22%5D&fileName=FLX_DE-Hai_FLUXNET2015_FULLSET_2000-2020_beta-3.zip,https://meta.icos-cp.eu/objects/sBVCFgtbGsIf7OefkrQ0Ahnp,https://data.icos-cp.eu/objects/sBVCFgtbGsIf7OefkrQ0Ahnp,http://meta.icos-cp.eu/resources/cpmeta/miscFluxnetArchiveProduct,http://meta.icos-cp.eu/resources/projects/FLUXNET,2000-01-01T00:00:00Z,2021-01-01T00:00:00Z,2022-01-27T16:38:57.341749Z,"Knohl, A., Siebicke, L., Tiedemann, F., Kolle, O., ICOS Ecosystem Thematic Centre, 2022. Warm winter 2020 ecosystem eddy covariance flux product from Hainich. https://doi.org/10.18160/CR66-PJ24"
DE-HoH,Hohes Holz,DE,ICOS,FLX,FLX,Deciduous Broadleaf Forests,2015,2020,52.08656,11.22235,https://data.icos-cp.eu/licence_accept?ids=%5B%22BlmyC43RrLhzqezyaEPJcJDs%22%5D&fileName=FLX_DE-HoH_FLUXNET2015_FULLSET_2015-2020_beta-3.zip,direct,ICOS,ICOS,Discovered directly from ICOS Carbon Portal FLUXNET metadata.,300,icos_direct,BlmyC43RrLhzqezyaEPJcJDs,FLX_DE-HoH_FLUXNET2015_FULLSET_2015-2020_beta-3.zip,https://data.icos-cp.eu/licence_accept?ids=%5B%22BlmyC43RrLhzqezyaEPJcJDs%22%5D&fileName=FLX_DE-HoH_FLUXNET2015_FULLSET_2015-2020_beta-3.zip,https://meta.icos-cp.eu/objects/BlmyC43RrLhzqezyaEPJcJDs,https://data.icos-cp.eu/objects/BlmyC43RrLhzqezyaEPJcJDs,http://meta.icos-cp.eu/resources/cpmeta/miscFluxnetArchiveProduct,http://meta.icos-cp.eu/resources/projects/FLUXNET,2015-01-01T00:00:00Z,2021-01-01T00:00:00Z,2022-01-27T16:39:00.967619Z,"Rebmann, C., Dienstbach, L., Gimper, S., ICOS Ecosystem Thematic Centre, 2022. Warm winter 2020 ecosystem eddy covariance flux product from Hohes Holz. https://doi.org/10.18160/RRBD-7EME"
DE-Hte,Huetelmoor,DE,ICOS,FLX,FLX,Permanent Wetlands,2009,2018,54.210278,12.176111,https://data.icos-cp.eu/licence_accept?ids=%5B%22TYQgl69CfnxgVSOxKnE5R6ri%22%5D&fileName=FLX_DE-Hte_FLUXNET2015_FULLSET_2009-2018_beta-3.zip,direct,ICOS,ICOS,Discovered directly from ICOS Carbon Portal FLUXNET metadata.,300,icos_direct,TYQgl69CfnxgVSOxKnE5R6ri,FLX_DE-Hte_FLUXNET2015_FULLSET_2009-2018_beta-3.zip,https://data.icos-cp.eu/licence_accept?ids=%5B%22TYQgl69CfnxgVSOxKnE5R6ri%22%5D&fileName=FLX_DE-Hte_FLUXNET2015_FULLSET_2009-2018_beta-3.zip,https://meta.icos-cp.eu/objects/TYQgl69CfnxgVSOxKnE5R6ri,https://data.icos-cp.eu/objects/TYQgl69CfnxgVSOxKnE5R6ri,http://meta.icos-cp.eu/resources/cpmeta/miscFluxnetArchiveProduct,http://meta.icos-cp.eu/resources/projects/FLUXNET,2009-01-01T00:00:00Z,2019-01-01T00:00:00Z,2020-03-06T10:56:36.229Z,"Koebsch, F., Jurasinski, G., ICOS Ecosystem Thematic Centre, 2020. Drought-2018 ecosystem eddy covariance flux product from Huetelmoor. https://doi.org/10.18160/63V0-08T4"
DE-Hzd,Hetzdorf,DE,ICOS,FLX,FLX,Deciduous Broadleaf Forests,2010,2020,50.96381,13.48978,https://data.icos-cp.eu/licence_accept?ids=%5B%22EZHo_gAaLBVl-IVi1vQkbMXC%22%5D&fileName=FLX_DE-Hzd_FLUXNET2015_FULLSET_2010-2020_beta-3.zip,direct,ICOS,ICOS,Discovered directly from ICOS Carbon Portal FLUXNET metadata.,300,icos_direct,EZHo_gAaLBVl-IVi1vQkbMXC,FLX_DE-Hzd_FLUXNET2015_FULLSET_2010-2020_beta-3.zip,https://data.icos-cp.eu/licence_accept?ids=%5B%22EZHo_gAaLBVl-IVi1vQkbMXC%22%5D&fileName=FLX_DE-Hzd_FLUXNET2015_FULLSET_2010-2020_beta-3.zip,https://meta.icos-cp.eu/objects/EZHo_gAaLBVl-IVi1vQkbMXC,https://data.icos-cp.eu/objects/EZHo_gAaLBVl-IVi1vQkbMXC,http://meta.icos-cp.eu/resources/cpmeta/miscFluxnetArchiveProduct,http://meta.icos-cp.eu/resources/projects/FLUXNET,2010-01-01T00:00:00Z,2021-01-01T00:00:00Z,2022-01-27T16:39:04.767081Z,"Bernhofer, C., Gruenwald, J.T., ICOS Ecosystem Thematic Centre, 2022. Warm winter 2020 ecosystem eddy covariance flux product from Hetzdorf. https://doi.org/10.18160/GBJS-Y2FT"
DE-Kli,Klingenberg,DE,ICOS,FLX,FLX,Croplands,2004,2020,50.893044,13.5223,https://data.icos-cp.eu/licence_accept?ids=%5B%22-WFim63uPpLX_IiRm9IxrOg9%22%5D&fileName=FLX_DE-Kli_FLUXNET2015_FULLSET_2004-2020_beta-3.zip,direct,ICOS,ICOS,Discovered directly from ICOS Carbon Portal FLUXNET metadata.,300,icos_direct,-WFim63uPpLX_IiRm9IxrOg9,FLX_DE-Kli_FLUXNET2015_FULLSET_2004-2020_beta-3.zip,https://data.icos-cp.eu/licence_accept?ids=%5B%22-WFim63uPpLX_IiRm9IxrOg9%22%5D&fileName=FLX_DE-Kli_FLUXNET2015_FULLSET_2004-2020_beta-3.zip,https://meta.icos-cp.eu/objects/-WFim63uPpLX_IiRm9IxrOg9,https://data.icos-cp.eu/objects/-WFim63uPpLX_IiRm9IxrOg9,http://meta.icos-cp.eu/resources/cpmeta/miscFluxnetArchiveProduct,http://meta.icos-cp.eu/resources/projects/FLUXNET,2004-01-01T00:00:00Z,2021-01-01T00:00:00Z,2022-01-27T16:39:09.692026Z,"Bernhofer, C., Gruenwald, J.T., ICOS Ecosystem Thematic Centre, 2022. Warm winter 2020 ecosystem eddy covariance flux product from Klingenberg. https://doi.org/10.18160/76VR-FWJ6"
DE-Obe,Oberbarenburg,DE,ICOS,FLX,FLX,Evergreen Needleleaf Forests,2008,2020,50.7864,13.72168,https://data.icos-cp.eu/licence_accept?ids=%5B%22rzi8u2i04Cyk9N2CROurUkRf%22%5D&fileName=FLX_DE-Obe_FLUXNET2015_FULLSET_2008-2020_beta-3.zip,direct,ICOS,ICOS,Discovered directly from ICOS Carbon Portal FLUXNET metadata.,300,icos_direct,rzi8u2i04Cyk9N2CROurUkRf,FLX_DE-Obe_FLUXNET2015_FULLSET_2008-2020_beta-3.zip,https://data.icos-cp.eu/licence_accept?ids=%5B%22rzi8u2i04Cyk9N2CROurUkRf%22%5D&fileName=FLX_DE-Obe_FLUXNET2015_FULLSET_2008-2020_beta-3.zip,https://meta.icos-cp.eu/objects/rzi8u2i04Cyk9N2CROurUkRf,https://data.icos-cp.eu/objects/rzi8u2i04Cyk9N2CROurUkRf,http://meta.icos-cp.eu/resources/cpmeta/miscFluxnetArchiveProduct,http://meta.icos-cp.eu/resources/projects/FLUXNET,2008-01-01T00:00:00Z,2021-01-01T00:00:00Z,2022-01-27T16:39:16.405343Z,"Bernhofer, C., Gruenwald, J.T., ICOS Ecosystem Thematic Centre, 2022. Warm winter 2020 ecosystem eddy covariance flux product from Oberbärenburg. https://doi.org/10.18160/05Y0-QP67"
DE-RuR,Rollesbroich,DE,ICOS,FLX,FLX,Grasslands,2011,2020,50.621914,6.304126,https://data.icos-cp.eu/licence_accept?ids=%5B%22hogAkuOsIxDDMlv7lkiNap5q%22%5D&fileName=FLX_DE-RuR_FLUXNET2015_FULLSET_2011-2020_beta-3.zip,direct,ICOS,ICOS,Discovered directly from ICOS Carbon Portal FLUXNET metadata.,300,icos_direct,hogAkuOsIxDDMlv7lkiNap5q,FLX_DE-RuR_FLUXNET2015_FULLSET_2011-2020_beta-3.zip,https://data.icos-cp.eu/licence_accept?ids=%5B%22hogAkuOsIxDDMlv7lkiNap5q%22%5D&fileName=FLX_DE-RuR_FLUXNET2015_FULLSET_2011-2020_beta-3.zip,https://meta.icos-cp.eu/objects/hogAkuOsIxDDMlv7lkiNap5q,https://data.icos-cp.eu/objects/hogAkuOsIxDDMlv7lkiNap5q,http://meta.icos-cp.eu/resources/cpmeta/miscFluxnetArchiveProduct,http://meta.icos-cp.eu/resources/projects/FLUXNET,2011-01-01T00:00:00Z,2021-01-01T00:00:00Z,2022-01-27T16:39:26.492208Z,"Schmidt, M., Graf, A., Dolfus, D., ICOS Ecosystem Thematic Centre, 2022. Warm winter 2020 ecosystem eddy covariance flux product from Rollesbroich. https://doi.org/10.18160/Q02V-HAN4"
DE-RuS,Selhausen Juelich,DE,ICOS,FLX,FLX,Croplands,2011,2020,50.865906,6.447145,https://data.icos-cp.eu/licence_accept?ids=%5B%22lttDaMaEVOvI2O0C5QEReMic%22%5D&fileName=FLX_DE-RuS_FLUXNET2015_FULLSET_2011-2020_beta-3.zip,direct,ICOS,ICOS,Discovered directly from ICOS Carbon Portal FLUXNET metadata.,300,icos_direct,lttDaMaEVOvI2O0C5QEReMic,FLX_DE-RuS_FLUXNET2015_FULLSET_2011-2020_beta-3.zip,https://data.icos-cp.eu/licence_accept?ids=%5B%22lttDaMaEVOvI2O0C5QEReMic%22%5D&fileName=FLX_DE-RuS_FLUXNET2015_FULLSET_2011-2020_beta-3.zip,https://meta.icos-cp.eu/objects/lttDaMaEVOvI2O0C5QEReMic,https://data.icos-cp.eu/objects/lttDaMaEVOvI2O0C5QEReMic,http://meta.icos-cp.eu/resources/cpmeta/miscFluxnetArchiveProduct,http://meta.icos-cp.eu/resources/projects/FLUXNET,2011-01-01T00:00:00Z,2021-01-01T00:00:00Z,2022-01-27T16:39:32.132290Z,"Schmidt, M., Graf, A., Dolfus, D., ICOS Ecosystem Thematic Centre, 2022. Warm winter 2020 ecosystem eddy covariance flux product from Selhausen Juelich. https://doi.org/10.18160/BS3C-CVQ0"
DE-RuW,Wustebach,DE,ICOS,FLX,FLX,Evergreen Needleleaf Forests,2012,2020,50.50493,6.330963,https://data.icos-cp.eu/licence_accept?ids=%5B%22WzyCGq6j5iu16szOJl4sbhQc%22%5D&fileName=FLX_DE-RuW_FLUXNET2015_FULLSET_2012-2020_beta-3.zip,direct,ICOS,ICOS,Discovered directly from ICOS Carbon Portal FLUXNET metadata.,300,icos_direct,WzyCGq6j5iu16szOJl4sbhQc,FLX_DE-RuW_FLUXNET2015_FULLSET_2012-2020_beta-3.zip,https://data.icos-cp.eu/licence_accept?ids=%5B%22WzyCGq6j5iu16szOJl4sbhQc%22%5D&fileName=FLX_DE-RuW_FLUXNET2015_FULLSET_2012-2020_beta-3.zip,https://meta.icos-cp.eu/objects/WzyCGq6j5iu16szOJl4sbhQc,https://data.icos-cp.eu/objects/WzyCGq6j5iu16szOJl4sbhQc,http://meta.icos-cp.eu/resources/cpmeta/miscFluxnetArchiveProduct,http://meta.icos-cp.eu/resources/projects/FLUXNET,2012-01-01T00:00:00Z,2021-01-01T00:00:00Z,2022-01-27T16:39:37.235999Z,"Schmidt, M., Graf, A., Drüe, C., Dolfus, D., ICOS Ecosystem Thematic Centre, 2022. Warm winter 2020 ecosystem eddy covariance flux product from Wustebach. https://doi.org/10.18160/JX9W-FBEJ"
DE-Tha,Tharandt,DE,ICOS,FLX,FLX,Evergreen Needleleaf Forests,1996,2020,50.962597,13.565333,https://data.icos-cp.eu/licence_accept?ids=%5B%22-kQhLRmom_xBsI_1nZISHXvN%22%5D&fileName=FLX_DE-Tha_FLUXNET2015_FULLSET_1996-2020_beta-3.zip,direct,ICOS,ICOS,Discovered directly from ICOS Carbon Portal FLUXNET metadata.,300,icos_direct,-kQhLRmom_xBsI_1nZISHXvN,FLX_DE-Tha_FLUXNET2015_FULLSET_1996-2020_beta-3.zip,https://data.icos-cp.eu/licence_accept?ids=%5B%22-kQhLRmom_xBsI_1nZISHXvN%22%5D&fileName=FLX_DE-Tha_FLUXNET2015_FULLSET_1996-2020_beta-3.zip,https://meta.icos-cp.eu/objects/-kQhLRmom_xBsI_1nZISHXvN,https://data.icos-cp.eu/objects/-kQhLRmom_xBsI_1nZISHXvN,http://meta.icos-cp.eu/resources/cpmeta/miscFluxnetArchiveProduct,http://meta.icos-cp.eu/resources/projects/FLUXNET,1996-01-01T00:00:00Z,2021-01-01T00:00:00Z,2022-01-27T16:39:43.639485Z,"Bernhofer, C., Gruenwald, J.T., ICOS Ecosystem Thematic Centre, 2022. Warm winter 2020 ecosystem eddy covariance flux product from Tharandt. https://doi.org/10.18160/8FBV-1K18"
DK-Gds,Gludsted Plantage,DK,ICOS,FLX,FLX,Evergreen Needleleaf Forests,2020,2020,56.0737,9.3341,https://data.icos-cp.eu/licence_accept?ids=%5B%22MGHiBv3bVHG5CXI2QkIAhrnP%22%5D&fileName=FLX_DK-Gds_FLUXNET2015_FULLSET_2020-2020_beta-3.zip,direct,ICOS,ICOS,Discovered directly from ICOS Carbon Portal FLUXNET metadata.,300,icos_direct,MGHiBv3bVHG5CXI2QkIAhrnP,FLX_DK-Gds_FLUXNET2015_FULLSET_2020-2020_beta-3.zip,https://data.icos-cp.eu/licence_accept?ids=%5B%22MGHiBv3bVHG5CXI2QkIAhrnP%22%5D&fileName=FLX_DK-Gds_FLUXNET2015_FULLSET_2020-2020_beta-3.zip,https://meta.icos-cp.eu/objects/MGHiBv3bVHG5CXI2QkIAhrnP,https://data.icos-cp.eu/objects/MGHiBv3bVHG5CXI2QkIAhrnP,http://meta.icos-cp.eu/resources/cpmeta/miscFluxnetArchiveProduct,http://meta.icos-cp.eu/resources/projects/FLUXNET,2020-01-01T00:00:00Z,2021-01-01T00:00:00Z,2022-01-27T16:39:46.729764Z,"Friborg, T., Jensen, R., Uldall, F., ICOS Ecosystem Thematic Centre, 2022. Warm winter 2020 ecosystem eddy covariance flux product from Gludsted Plantage. https://doi.org/10.18160/DMM6-H3V2"
DK-Sor,Soroe,DK,ICOS,FLX,FLX,Deciduous Broadleaf Forests,1996,2020,55.48587,11.644645,https://data.icos-cp.eu/licence_accept?ids=%5B%22cBd7YjpjwFq48VDUgnbsG6aC%22%5D&fileName=FLX_DK-Sor_FLUXNET2015_FULLSET_1996-2020_beta-3.zip,direct,ICOS,ICOS,Discovered directly from ICOS Carbon Portal FLUXNET metadata.,300,icos_direct,cBd7YjpjwFq48VDUgnbsG6aC,FLX_DK-Sor_FLUXNET2015_FULLSET_1996-2020_beta-3.zip,https://data.icos-cp.eu/licence_accept?ids=%5B%22cBd7YjpjwFq48VDUgnbsG6aC%22%5D&fileName=FLX_DK-Sor_FLUXNET2015_FULLSET_1996-2020_beta-3.zip,https://meta.icos-cp.eu/objects/cBd7YjpjwFq48VDUgnbsG6aC,https://data.icos-cp.eu/objects/cBd7YjpjwFq48VDUgnbsG6aC,http://meta.icos-cp.eu/resources/cpmeta/miscFluxnetArchiveProduct,http://meta.icos-cp.eu/resources/projects/FLUXNET,1996-01-01T00:00:00Z,2021-01-01T00:00:00Z,2022-01-27T16:39:52.748045Z,"Ibrom, A., Pilegaard, K., ICOS Ecosystem Thematic Centre, 2022. Warm winter 2020 ecosystem eddy covariance flux product from Soroe. https://doi.org/10.18160/X4DF-R4S2"
ES-Abr,Albuera,ES,ICOS,FLX,FLX,Savannas,2015,2020,38.70184,-6.785881,https://data.icos-cp.eu/licence_accept?ids=%5B%22bCMzJsYq9gzcE4pHNpJjToEp%22%5D&fileName=FLX_ES-Abr_FLUXNET2015_FULLSET_2015-2020_beta-3.zip,direct,ICOS,ICOS,Discovered directly from ICOS Carbon Portal FLUXNET metadata.,300,icos_direct,bCMzJsYq9gzcE4pHNpJjToEp,FLX_ES-Abr_FLUXNET2015_FULLSET_2015-2020_beta-3.zip,https://data.icos-cp.eu/licence_accept?ids=%5B%22bCMzJsYq9gzcE4pHNpJjToEp%22%5D&fileName=FLX_ES-Abr_FLUXNET2015_FULLSET_2015-2020_beta-3.zip,https://meta.icos-cp.eu/objects/bCMzJsYq9gzcE4pHNpJjToEp,https://data.icos-cp.eu/objects/bCMzJsYq9gzcE4pHNpJjToEp,http://meta.icos-cp.eu/resources/cpmeta/miscFluxnetArchiveProduct,http://meta.icos-cp.eu/resources/projects/FLUXNET,2015-01-01T00:00:00Z,2021-01-01T00:00:00Z,2022-01-27T16:39:56.718363Z,"El-Madany, T.S., Migliavacca, M., Carrara, A., Reichstein, M., ICOS Ecosystem Thematic Centre, 2022. Warm winter 2020 ecosystem eddy covariance flux product from Albuera. https://doi.org/10.18160/BWYS-J050"
ES-Agu,Aguamarga,ES,ICOS,FLX,FLX,Open Shrublands,2006,2020,36.939384,-2.034044,https://data.icos-cp.eu/licence_accept?ids=%5B%22CFikoPKuAOjWQmgvHhVASAXk%22%5D&fileName=FLX_ES-Agu_FLUXNET2015_FULLSET_2006-2020_beta-3.zip,direct,ICOS,ICOS,Discovered directly from ICOS Carbon Portal FLUXNET metadata.,300,icos_direct,CFikoPKuAOjWQmgvHhVASAXk,FLX_ES-Agu_FLUXNET2015_FULLSET_2006-2020_beta-3.zip,https://data.icos-cp.eu/licence_accept?ids=%5B%22CFikoPKuAOjWQmgvHhVASAXk%22%5D&fileName=FLX_ES-Agu_FLUXNET2015_FULLSET_2006-2020_beta-3.zip,https://meta.icos-cp.eu/objects/CFikoPKuAOjWQmgvHhVASAXk,https://data.icos-cp.eu/objects/CFikoPKuAOjWQmgvHhVASAXk,http://meta.icos-cp.eu/resources/cpmeta/miscFluxnetArchiveProduct,http://meta.icos-cp.eu/resources/projects/FLUXNET,2006-01-01T00:00:00Z,2021-01-01T00:00:00Z,2022-01-27T16:40:00.493739Z,"Poveda, F.D., Perez-Priego, O., Sanchez-Canete, E.P., Lopez Ballesteros, A., ICOS Ecosystem Thematic Centre, 2022. Warm winter 2020 ecosystem eddy covariance flux product from Aguamarga. https://doi.org/10.18160/3V53-5P08"
ES-Cnd,Conde,ES,ICOS,FLX,FLX,Woody Savannas,2014,2020,37.914997,-3.227659,https://data.icos-cp.eu/licence_accept?ids=%5B%22Tn3SEuWLHZ9HVO2lWqKrLaBd%22%5D&fileName=FLX_ES-Cnd_FLUXNET2015_FULLSET_2014-2020_beta-3.zip,direct,ICOS,ICOS,Discovered directly from ICOS Carbon Portal FLUXNET metadata.,300,icos_direct,Tn3SEuWLHZ9HVO2lWqKrLaBd,FLX_ES-Cnd_FLUXNET2015_FULLSET_2014-2020_beta-3.zip,https://data.icos-cp.eu/licence_accept?ids=%5B%22Tn3SEuWLHZ9HVO2lWqKrLaBd%22%5D&fileName=FLX_ES-Cnd_FLUXNET2015_FULLSET_2014-2020_beta-3.zip,https://meta.icos-cp.eu/objects/Tn3SEuWLHZ9HVO2lWqKrLaBd,https://data.icos-cp.eu/objects/Tn3SEuWLHZ9HVO2lWqKrLaBd,http://meta.icos-cp.eu/resources/cpmeta/miscFluxnetArchiveProduct,http://meta.icos-cp.eu/resources/projects/FLUXNET,2014-01-01T00:00:00Z,2021-01-01T00:00:00Z,2022-01-27T16:40:03.671906Z,"Aranda-Barranco, S., Kowalski, A., Serrano, P., Sanchez-Canete, E.P., ICOS Ecosystem Thematic Centre, 2022. Warm winter 2020 ecosystem eddy covariance flux product from Conde. https://doi.org/10.18160/CE89-PV14"
ES-LJu,Llano de los Juanes,ES,ICOS,FLX,FLX,Open Shrublands,2004,2020,36.926594,-2.752115,https://data.icos-cp.eu/licence_accept?ids=%5B%22vNhmXYVa08fqcXSNBCHGKtmQ%22%5D&fileName=FLX_ES-LJu_FLUXNET2015_FULLSET_2004-2020_beta-3.zip,direct,ICOS,ICOS,Discovered directly from ICOS Carbon Portal FLUXNET metadata.,300,icos_direct,vNhmXYVa08fqcXSNBCHGKtmQ,FLX_ES-LJu_FLUXNET2015_FULLSET_2004-2020_beta-3.zip,https://data.icos-cp.eu/licence_accept?ids=%5B%22vNhmXYVa08fqcXSNBCHGKtmQ%22%5D&fileName=FLX_ES-LJu_FLUXNET2015_FULLSET_2004-2020_beta-3.zip,https://meta.icos-cp.eu/objects/vNhmXYVa08fqcXSNBCHGKtmQ,https://data.icos-cp.eu/objects/vNhmXYVa08fqcXSNBCHGKtmQ,http://meta.icos-cp.eu/resources/cpmeta/miscFluxnetArchiveProduct,http://meta.icos-cp.eu/resources/projects/FLUXNET,2004-01-01T00:00:00Z,2021-01-01T00:00:00Z,2022-01-27T16:40:08.417942Z,"Sanchez-Canete, E.P., Moya Jimenez, M.R., Czerný, R., Perez-Priego, O., ICOS Ecosystem Thematic Centre, 2022. Warm winter 2020 ecosystem eddy covariance flux product from Llano de los Juanes. https://doi.org/10.18160/04BF-3AFE"
ES-LM1,Majadas del Tietar North,ES,ICOS,FLX,FLX,Savannas,2014,2020,39.94269,-5.778683,https://data.icos-cp.eu/licence_accept?ids=%5B%22S6GQYuCCMzWV2v06mJ_lwbo4%22%5D&fileName=FLX_ES-LM1_FLUXNET2015_FULLSET_2014-2020_beta-3.zip,direct,ICOS,ICOS,Discovered directly from ICOS Carbon Portal FLUXNET metadata.,300,icos_direct,S6GQYuCCMzWV2v06mJ_lwbo4,FLX_ES-LM1_FLUXNET2015_FULLSET_2014-2020_beta-3.zip,https://data.icos-cp.eu/licence_accept?ids=%5B%22S6GQYuCCMzWV2v06mJ_lwbo4%22%5D&fileName=FLX_ES-LM1_FLUXNET2015_FULLSET_2014-2020_beta-3.zip,https://meta.icos-cp.eu/objects/S6GQYuCCMzWV2v06mJ_lwbo4,https://data.icos-cp.eu/objects/S6GQYuCCMzWV2v06mJ_lwbo4,http://meta.icos-cp.eu/resources/cpmeta/miscFluxnetArchiveProduct,http://meta.icos-cp.eu/resources/projects/FLUXNET,2014-01-01T00:00:00Z,2021-01-01T00:00:00Z,2022-01-27T16:40:19.432009Z,"Migliavacca, M., El-Madany, T.S., Carrara, A., Reichstein, M., ICOS Ecosystem Thematic Centre, 2022. Warm winter 2020 ecosystem eddy covariance flux product from Majadas del Tietar North. https://doi.org/10.18160/J5YA-QZR1"
ES-LM2,Majadas del Tietar South,ES,ICOS,FLX,FLX,Savannas,2014,2020,39.934593,-5.775881,https://data.icos-cp.eu/licence_accept?ids=%5B%22uGqcLzQu62mNqNU5X7YMqm_a%22%5D&fileName=FLX_ES-LM2_FLUXNET2015_FULLSET_2014-2020_beta-3.zip,direct,ICOS,ICOS,Discovered directly from ICOS Carbon Portal FLUXNET metadata.,300,icos_direct,uGqcLzQu62mNqNU5X7YMqm_a,FLX_ES-LM2_FLUXNET2015_FULLSET_2014-2020_beta-3.zip,https://data.icos-cp.eu/licence_accept?ids=%5B%22uGqcLzQu62mNqNU5X7YMqm_a%22%5D&fileName=FLX_ES-LM2_FLUXNET2015_FULLSET_2014-2020_beta-3.zip,https://meta.icos-cp.eu/objects/uGqcLzQu62mNqNU5X7YMqm_a,https://data.icos-cp.eu/objects/uGqcLzQu62mNqNU5X7YMqm_a,http://meta.icos-cp.eu/resources/cpmeta/miscFluxnetArchiveProduct,http://meta.icos-cp.eu/resources/projects/FLUXNET,2014-01-01T00:00:00Z,2021-01-01T00:00:00Z,2022-01-27T16:40:23.249964Z,"El-Madany, T.S., Migliavacca, M., Carrara, A., Reichstein, M., ICOS Ecosystem Thematic Centre, 2022. Warm winter 2020 ecosystem eddy covariance flux product from Majadas del Tietar South. https://doi.org/10.18160/G6H4-6AY6"
FI-Hyy,Hyytiala,FI,ICOS,FLX,FLX,Evergreen Needleleaf Forests,1996,2020,61.84741,24.29477,https://data.icos-cp.eu/licence_accept?ids=%5B%22yT6Yil9juot9Gffo111sBous%22%5D&fileName=FLX_FI-Hyy_FLUXNET2015_FULLSET_1996-2020_beta-3.zip,direct,ICOS,ICOS,Discovered directly from ICOS Carbon Portal FLUXNET metadata.,300,icos_direct,yT6Yil9juot9Gffo111sBous,FLX_FI-Hyy_FLUXNET2015_FULLSET_1996-2020_beta-3.zip,https://data.icos-cp.eu/licence_accept?ids=%5B%22yT6Yil9juot9Gffo111sBous%22%5D&fileName=FLX_FI-Hyy_FLUXNET2015_FULLSET_1996-2020_beta-3.zip,https://meta.icos-cp.eu/objects/yT6Yil9juot9Gffo111sBous,https://data.icos-cp.eu/objects/yT6Yil9juot9Gffo111sBous,http://meta.icos-cp.eu/resources/cpmeta/miscFluxnetArchiveProduct,http://meta.icos-cp.eu/resources/projects/FLUXNET,1996-01-01T00:00:00Z,2021-01-01T00:00:00Z,2022-01-27T16:40:30.845814Z,"Mammarella, I., Vesala, T., Kolari, P., ICOS Ecosystem Thematic Centre, 2022. Warm winter 2020 ecosystem eddy covariance flux product from Hyytiälä. https://doi.org/10.18160/XTBV-XCJV"
FI-Ken,Kenttarova,FI,ICOS,FLX,FLX,Evergreen Needleleaf Forests,2018,2020,67.98721,24.24301,https://data.icos-cp.eu/licence_accept?ids=%5B%2297Q4uBldBI-ZbOXMIwJ09vI_%22%5D&fileName=FLX_FI-Ken_FLUXNET2015_FULLSET_2018-2020_beta-3.zip,direct,ICOS,ICOS,Discovered directly from ICOS Carbon Portal FLUXNET metadata.,300,icos_direct,97Q4uBldBI-ZbOXMIwJ09vI_,FLX_FI-Ken_FLUXNET2015_FULLSET_2018-2020_beta-3.zip,https://data.icos-cp.eu/licence_accept?ids=%5B%2297Q4uBldBI-ZbOXMIwJ09vI_%22%5D&fileName=FLX_FI-Ken_FLUXNET2015_FULLSET_2018-2020_beta-3.zip,https://meta.icos-cp.eu/objects/97Q4uBldBI-ZbOXMIwJ09vI_,https://data.icos-cp.eu/objects/97Q4uBldBI-ZbOXMIwJ09vI_,http://meta.icos-cp.eu/resources/cpmeta/miscFluxnetArchiveProduct,http://meta.icos-cp.eu/resources/projects/FLUXNET,2018-01-01T00:00:00Z,2021-01-01T00:00:00Z,2022-01-27T16:40:33.251877Z,"Aurela, M., Laurila, T., Lohila, A., ICOS Ecosystem Thematic Centre, 2022. Warm winter 2020 ecosystem eddy covariance flux product from Kenttarova. https://doi.org/10.18160/W8QV-2Z04"
FI-Let,Lettosuo,FI,ICOS,FLX,FLX,Evergreen Needleleaf Forests,2009,2020,60.64183,23.95952,https://data.icos-cp.eu/licence_accept?ids=%5B%22yeLwO-pGSO9injJBUHYC5O6U%22%5D&fileName=FLX_FI-Let_FLUXNET2015_FULLSET_2009-2020_beta-3.zip,direct,ICOS,ICOS,Discovered directly from ICOS Carbon Portal FLUXNET metadata.,300,icos_direct,yeLwO-pGSO9injJBUHYC5O6U,FLX_FI-Let_FLUXNET2015_FULLSET_2009-2020_beta-3.zip,https://data.icos-cp.eu/licence_accept?ids=%5B%22yeLwO-pGSO9injJBUHYC5O6U%22%5D&fileName=FLX_FI-Let_FLUXNET2015_FULLSET_2009-2020_beta-3.zip,https://meta.icos-cp.eu/objects/yeLwO-pGSO9injJBUHYC5O6U,https://data.icos-cp.eu/objects/yeLwO-pGSO9injJBUHYC5O6U,http://meta.icos-cp.eu/resources/cpmeta/miscFluxnetArchiveProduct,http://meta.icos-cp.eu/resources/projects/FLUXNET,2009-01-01T00:00:00Z,2021-01-01T00:00:00Z,2022-01-27T16:40:41.573221Z,"Korkiakoski, M., Lohila, A., Laurila, T., Tuovinen, J.-P., ICOS Ecosystem Thematic Centre, 2022. Warm winter 2020 ecosystem eddy covariance flux product from Lettosup. https://doi.org/10.18160/3H0F-M9SE"
FI-Qvd,Qvidja,FI,ICOS,FLX,FLX,Croplands,2018,2020,60.295242,22.391607,https://data.icos-cp.eu/licence_accept?ids=%5B%22jyXAQxa1W0AJKsbcNjRSVEVw%22%5D&fileName=FLX_FI-Qvd_FLUXNET2015_FULLSET_2018-2020_beta-3.zip,direct,ICOS,ICOS,Discovered directly from ICOS Carbon Portal FLUXNET metadata.,300,icos_direct,jyXAQxa1W0AJKsbcNjRSVEVw,FLX_FI-Qvd_FLUXNET2015_FULLSET_2018-2020_beta-3.zip,https://data.icos-cp.eu/licence_accept?ids=%5B%22jyXAQxa1W0AJKsbcNjRSVEVw%22%5D&fileName=FLX_FI-Qvd_FLUXNET2015_FULLSET_2018-2020_beta-3.zip,https://meta.icos-cp.eu/objects/jyXAQxa1W0AJKsbcNjRSVEVw,https://data.icos-cp.eu/objects/jyXAQxa1W0AJKsbcNjRSVEVw,http://meta.icos-cp.eu/resources/cpmeta/miscFluxnetArchiveProduct,http://meta.icos-cp.eu/resources/projects/FLUXNET,2018-01-01T00:00:00Z,2021-01-01T00:00:00Z,2022-01-27T16:40:44.304513Z,"Heimsch, L., Lohila, A., Kulmala, L., ICOS Ecosystem Thematic Centre, 2022. Warm winter 2020 ecosystem eddy covariance flux product from Qvidja. https://doi.org/10.18160/T08C-4J0P"
FI-Sii,Siikaneva,FI,ICOS,FLX,FLX,Permanent Wetlands,2016,2020,61.83265,24.19285,https://data.icos-cp.eu/licence_accept?ids=%5B%22MbStB_hwtaAPl42T5vW4TnVW%22%5D&fileName=FLX_FI-Sii_FLUXNET2015_FULLSET_2016-2020_beta-3.zip,direct,ICOS,ICOS,Discovered directly from ICOS Carbon Portal FLUXNET metadata.,300,icos_direct,MbStB_hwtaAPl42T5vW4TnVW,FLX_FI-Sii_FLUXNET2015_FULLSET_2016-2020_beta-3.zip,https://data.icos-cp.eu/licence_accept?ids=%5B%22MbStB_hwtaAPl42T5vW4TnVW%22%5D&fileName=FLX_FI-Sii_FLUXNET2015_FULLSET_2016-2020_beta-3.zip,https://meta.icos-cp.eu/objects/MbStB_hwtaAPl42T5vW4TnVW,https://data.icos-cp.eu/objects/MbStB_hwtaAPl42T5vW4TnVW,http://meta.icos-cp.eu/resources/cpmeta/miscFluxnetArchiveProduct,http://meta.icos-cp.eu/resources/projects/FLUXNET,2016-01-01T00:00:00Z,2021-01-01T00:00:00Z,2022-01-27T16:40:54.674765Z,"Alekseychik, P., Kolari, P., Peltola, O., Tuittila, E.-S., ICOS Ecosystem Thematic Centre, 2022. Warm winter 2020 ecosystem eddy covariance flux product from Siikaneva. https://doi.org/10.18160/7V27-CH6X"
FI-Var,Varrio,FI,ICOS,FLX,FLX,Evergreen Needleleaf Forests,2016,2020,67.7549,29.61,https://data.icos-cp.eu/licence_accept?ids=%5B%22vv4AI_swzR0RA_O44r7ivHGF%22%5D&fileName=FLX_FI-Var_FLUXNET2015_FULLSET_2016-2020_beta-3.zip,direct,ICOS,ICOS,Discovered directly from ICOS Carbon Portal FLUXNET metadata.,300,icos_direct,vv4AI_swzR0RA_O44r7ivHGF,FLX_FI-Var_FLUXNET2015_FULLSET_2016-2020_beta-3.zip,https://data.icos-cp.eu/licence_accept?ids=%5B%22vv4AI_swzR0RA_O44r7ivHGF%22%5D&fileName=FLX_FI-Var_FLUXNET2015_FULLSET_2016-2020_beta-3.zip,https://meta.icos-cp.eu/objects/vv4AI_swzR0RA_O44r7ivHGF,https://data.icos-cp.eu/objects/vv4AI_swzR0RA_O44r7ivHGF,http://meta.icos-cp.eu/resources/cpmeta/miscFluxnetArchiveProduct,http://meta.icos-cp.eu/resources/projects/FLUXNET,2016-01-01T00:00:00Z,2021-01-01T00:00:00Z,2022-01-27T16:41:02.880988Z,"Kolari, P., Sahoo, G., Peltola, O., Keronen, P., ICOS Ecosystem Thematic Centre, 2022. Warm winter 2020 ecosystem eddy covariance flux product from Varrio. https://doi.org/10.18160/0WR7-EQDP"
FR-Aur,Aurade,FR,ICOS,FLX,FLX,Croplands,2005,2020,43.54965,1.106103,https://data.icos-cp.eu/licence_accept?ids=%5B%22PcGjrGMzcBDAg1YXNa4oUjC8%22%5D&fileName=FLX_FR-Aur_FLUXNET2015_FULLSET_2005-2020_beta-3.zip,direct,ICOS,ICOS,Discovered directly from ICOS Carbon Portal FLUXNET metadata.,300,icos_direct,PcGjrGMzcBDAg1YXNa4oUjC8,FLX_FR-Aur_FLUXNET2015_FULLSET_2005-2020_beta-3.zip,https://data.icos-cp.eu/licence_accept?ids=%5B%22PcGjrGMzcBDAg1YXNa4oUjC8%22%5D&fileName=FLX_FR-Aur_FLUXNET2015_FULLSET_2005-2020_beta-3.zip,https://meta.icos-cp.eu/objects/PcGjrGMzcBDAg1YXNa4oUjC8,https://data.icos-cp.eu/objects/PcGjrGMzcBDAg1YXNa4oUjC8,http://meta.icos-cp.eu/resources/cpmeta/miscFluxnetArchiveProduct,http://meta.icos-cp.eu/resources/projects/FLUXNET,2005-01-01T00:00:00Z,2021-01-01T00:00:00Z,2022-01-27T16:41:07.646044Z,"Ceschia, E., Tallec, T., ICOS Ecosystem Thematic Centre, 2022. Warm winter 2020 ecosystem eddy covariance flux product from Aurade. https://doi.org/10.18160/BGS5-0X3J"
FR-Bil,Bilos,FR,ICOS,FLX,FLX,Evergreen Needleleaf Forests,2014,2020,44.493652,-0.956092,https://data.icos-cp.eu/licence_accept?ids=%5B%229TbbJgk29oNc2pyEZtvgAF5a%22%5D&fileName=FLX_FR-Bil_FLUXNET2015_FULLSET_2014-2020_beta-3.zip,direct,ICOS,ICOS,Discovered directly from ICOS Carbon Portal FLUXNET metadata.,300,icos_direct,9TbbJgk29oNc2pyEZtvgAF5a,FLX_FR-Bil_FLUXNET2015_FULLSET_2014-2020_beta-3.zip,https://data.icos-cp.eu/licence_accept?ids=%5B%229TbbJgk29oNc2pyEZtvgAF5a%22%5D&fileName=FLX_FR-Bil_FLUXNET2015_FULLSET_2014-2020_beta-3.zip,https://meta.icos-cp.eu/objects/9TbbJgk29oNc2pyEZtvgAF5a,https://data.icos-cp.eu/objects/9TbbJgk29oNc2pyEZtvgAF5a,http://meta.icos-cp.eu/resources/cpmeta/miscFluxnetArchiveProduct,http://meta.icos-cp.eu/resources/projects/FLUXNET,2014-01-01T00:00:00Z,2021-01-01T00:00:00Z,2022-01-27T16:41:10.510411Z,"Loustau, D., Chipeaux, C., ICOS Ecosystem Thematic Centre, 2022. Warm winter 2020 ecosystem eddy covariance flux product from Bilos. https://doi.org/10.18160/MSRT-T1YA"
FR-EM2,Estrees-Mons A28,FR,ICOS,FLX,FLX,Croplands,2017,2018,49.87211,3.02065,https://data.icos-cp.eu/licence_accept?ids=%5B%22IvCQ_f10codSfwnz_x5upKLR%22%5D&fileName=FLX_FR-EM2_FLUXNET2015_FULLSET_2017-2018_beta-3.zip,direct,ICOS,ICOS,Discovered directly from ICOS Carbon Portal FLUXNET metadata.,300,icos_direct,IvCQ_f10codSfwnz_x5upKLR,FLX_FR-EM2_FLUXNET2015_FULLSET_2017-2018_beta-3.zip,https://data.icos-cp.eu/licence_accept?ids=%5B%22IvCQ_f10codSfwnz_x5upKLR%22%5D&fileName=FLX_FR-EM2_FLUXNET2015_FULLSET_2017-2018_beta-3.zip,https://meta.icos-cp.eu/objects/IvCQ_f10codSfwnz_x5upKLR,https://data.icos-cp.eu/objects/IvCQ_f10codSfwnz_x5upKLR,http://meta.icos-cp.eu/resources/cpmeta/miscFluxnetArchiveProduct,http://meta.icos-cp.eu/resources/projects/FLUXNET,2017-01-01T00:00:00Z,2019-01-01T00:00:00Z,2019-07-08T11:37:16.768Z,"ICOS Ecosystem Thematic Centre, Estrees-Mons A28, 2019. Drought-2018 ecosystem eddy covariance flux product from Estrees-Mons A28. https://doi.org/10.18160/HC1V-8VKJ"
FR-FBn,Font-Blanche,FR,ICOS,FLX,FLX,Evergreen Needleleaf Forests,2008,2020,43.24079,5.67865,https://data.icos-cp.eu/licence_accept?ids=%5B%22ODQzjQxrSmJI1BDRAlfZcqE6%22%5D&fileName=FLX_FR-FBn_FLUXNET2015_FULLSET_2008-2020_beta-3.zip,direct,ICOS,ICOS,Discovered directly from ICOS Carbon Portal FLUXNET metadata.,300,icos_direct,ODQzjQxrSmJI1BDRAlfZcqE6,FLX_FR-FBn_FLUXNET2015_FULLSET_2008-2020_beta-3.zip,https://data.icos-cp.eu/licence_accept?ids=%5B%22ODQzjQxrSmJI1BDRAlfZcqE6%22%5D&fileName=FLX_FR-FBn_FLUXNET2015_FULLSET_2008-2020_beta-3.zip,https://meta.icos-cp.eu/objects/ODQzjQxrSmJI1BDRAlfZcqE6,https://data.icos-cp.eu/objects/ODQzjQxrSmJI1BDRAlfZcqE6,http://meta.icos-cp.eu/resources/cpmeta/miscFluxnetArchiveProduct,http://meta.icos-cp.eu/resources/projects/FLUXNET,2008-01-01T00:00:00Z,2021-01-01T00:00:00Z,2022-01-27T16:41:14.238677Z,"Simioni, G., Marloie, O., Guibal, F., ICOS Ecosystem Thematic Centre, 2022. Warm winter 2020 ecosystem eddy covariance flux product from Font-Blanche. https://doi.org/10.18160/KGN6-K1CX"
FR-Fon,Fontainebleau-Barbeau,FR,ICOS,FLX,FLX,Deciduous Broadleaf Forests,2005,2020,48.476357,2.780096,https://data.icos-cp.eu/licence_accept?ids=%5B%22wEkQAxJYVZmr-NQHAVbUWGmM%22%5D&fileName=FLX_FR-Fon_FLUXNET2015_FULLSET_2005-2020_beta-3.zip,direct,ICOS,ICOS,Discovered directly from ICOS Carbon Portal FLUXNET metadata.,300,icos_direct,wEkQAxJYVZmr-NQHAVbUWGmM,FLX_FR-Fon_FLUXNET2015_FULLSET_2005-2020_beta-3.zip,https://data.icos-cp.eu/licence_accept?ids=%5B%22wEkQAxJYVZmr-NQHAVbUWGmM%22%5D&fileName=FLX_FR-Fon_FLUXNET2015_FULLSET_2005-2020_beta-3.zip,https://meta.icos-cp.eu/objects/wEkQAxJYVZmr-NQHAVbUWGmM,https://data.icos-cp.eu/objects/wEkQAxJYVZmr-NQHAVbUWGmM,http://meta.icos-cp.eu/resources/cpmeta/miscFluxnetArchiveProduct,http://meta.icos-cp.eu/resources/projects/FLUXNET,2005-01-01T00:00:00Z,2021-01-01T00:00:00Z,2022-01-27T16:41:18.135508Z,"Dufrêne, E., Berveiller, D., Delpierre, N., ICOS Ecosystem Thematic Centre, 2022. Warm winter 2020 ecosystem eddy covariance flux product from Fontainebleau-Barbeau. https://doi.org/10.18160/X1J0-H684"
FR-Gri,Grignon,FR,ICOS,FLX,FLX,Croplands,2004,2020,48.84422,1.95191,https://data.icos-cp.eu/licence_accept?ids=%5B%22huIG1mpj1r-HKNNv0CGmUuuR%22%5D&fileName=FLX_FR-Gri_FLUXNET2015_FULLSET_2004-2020_beta-3.zip,direct,ICOS,ICOS,Discovered directly from ICOS Carbon Portal FLUXNET metadata.,300,icos_direct,huIG1mpj1r-HKNNv0CGmUuuR,FLX_FR-Gri_FLUXNET2015_FULLSET_2004-2020_beta-3.zip,https://data.icos-cp.eu/licence_accept?ids=%5B%22huIG1mpj1r-HKNNv0CGmUuuR%22%5D&fileName=FLX_FR-Gri_FLUXNET2015_FULLSET_2004-2020_beta-3.zip,https://meta.icos-cp.eu/objects/huIG1mpj1r-HKNNv0CGmUuuR,https://data.icos-cp.eu/objects/huIG1mpj1r-HKNNv0CGmUuuR,http://meta.icos-cp.eu/resources/cpmeta/miscFluxnetArchiveProduct,http://meta.icos-cp.eu/resources/projects/FLUXNET,2004-01-01T00:00:00Z,2021-01-01T00:00:00Z,2022-01-27T16:41:23.648437Z,"Loubet, B., Buysse, P., ICOS Ecosystem Thematic Centre, 2022. Warm winter 2020 ecosystem eddy covariance flux product from Grignon. https://doi.org/10.18160/8XJC-HT7V"
FR-Hes,Hesse,FR,ICOS,FLX,FLX,Deciduous Broadleaf Forests,2014,2020,48.6741,7.06465,https://data.icos-cp.eu/licence_accept?ids=%5B%22KXggvEeI1HvTU3VHnPn7Z6un%22%5D&fileName=FLX_FR-Hes_FLUXNET2015_FULLSET_2014-2020_beta-3.zip,direct,ICOS,ICOS,Discovered directly from ICOS Carbon Portal FLUXNET metadata.,300,icos_direct,KXggvEeI1HvTU3VHnPn7Z6un,FLX_FR-Hes_FLUXNET2015_FULLSET_2014-2020_beta-3.zip,https://data.icos-cp.eu/licence_accept?ids=%5B%22KXggvEeI1HvTU3VHnPn7Z6un%22%5D&fileName=FLX_FR-Hes_FLUXNET2015_FULLSET_2014-2020_beta-3.zip,https://meta.icos-cp.eu/objects/KXggvEeI1HvTU3VHnPn7Z6un,https://data.icos-cp.eu/objects/KXggvEeI1HvTU3VHnPn7Z6un,http://meta.icos-cp.eu/resources/cpmeta/miscFluxnetArchiveProduct,http://meta.icos-cp.eu/resources/projects/FLUXNET,2014-01-01T00:00:00Z,2021-01-01T00:00:00Z,2022-01-27T16:41:28.097237Z,"Cuntz, M., Longdoz, B., ICOS Ecosystem Thematic Centre, 2022. Warm winter 2020 ecosystem eddy covariance flux product from Hesse. https://doi.org/10.18160/GFQX-22T7"
FR-LGt,La Guette,FR,ICOS,FLX,FLX,Permanent Wetlands,2017,2020,47.322918,2.284102,https://data.icos-cp.eu/licence_accept?ids=%5B%22pBuLUTL16-mmYzYrsQXCsZGI%22%5D&fileName=FLX_FR-LGt_FLUXNET2015_FULLSET_2017-2020_beta-3.zip,direct,ICOS,ICOS,Discovered directly from ICOS Carbon Portal FLUXNET metadata.,300,icos_direct,pBuLUTL16-mmYzYrsQXCsZGI,FLX_FR-LGt_FLUXNET2015_FULLSET_2017-2020_beta-3.zip,https://data.icos-cp.eu/licence_accept?ids=%5B%22pBuLUTL16-mmYzYrsQXCsZGI%22%5D&fileName=FLX_FR-LGt_FLUXNET2015_FULLSET_2017-2020_beta-3.zip,https://meta.icos-cp.eu/objects/pBuLUTL16-mmYzYrsQXCsZGI,https://data.icos-cp.eu/objects/pBuLUTL16-mmYzYrsQXCsZGI,http://meta.icos-cp.eu/resources/cpmeta/miscFluxnetArchiveProduct,http://meta.icos-cp.eu/resources/projects/FLUXNET,2017-01-01T00:00:00Z,2021-01-01T00:00:00Z,2022-01-27T16:41:35.125023Z,"Gogo, S., Jacotot, A., Laggoun, F., ICOS Ecosystem Thematic Centre, 2022. Warm winter 2020 ecosystem eddy covariance flux product from La Guette. https://doi.org/10.18160/C2VY-5R8V"
FR-Lam,Lamasquere,FR,ICOS,FLX,FLX,Croplands,2005,2020,43.496437,1.237878,https://data.icos-cp.eu/licence_accept?ids=%5B%22-4TMRFcN7N-iM4cR3MDSbeq0%22%5D&fileName=FLX_FR-Lam_FLUXNET2015_FULLSET_2005-2020_beta-3.zip,direct,ICOS,ICOS,Discovered directly from ICOS Carbon Portal FLUXNET metadata.,300,icos_direct,-4TMRFcN7N-iM4cR3MDSbeq0,FLX_FR-Lam_FLUXNET2015_FULLSET_2005-2020_beta-3.zip,https://data.icos-cp.eu/licence_accept?ids=%5B%22-4TMRFcN7N-iM4cR3MDSbeq0%22%5D&fileName=FLX_FR-Lam_FLUXNET2015_FULLSET_2005-2020_beta-3.zip,https://meta.icos-cp.eu/objects/-4TMRFcN7N-iM4cR3MDSbeq0,https://data.icos-cp.eu/objects/-4TMRFcN7N-iM4cR3MDSbeq0,http://meta.icos-cp.eu/resources/cpmeta/miscFluxnetArchiveProduct,http://meta.icos-cp.eu/resources/projects/FLUXNET,2005-01-01T00:00:00Z,2021-01-01T00:00:00Z,2022-01-27T16:41:32.151343Z,"Brut, A., Tallec, T., Ceschia, E., ICOS Ecosystem Thematic Centre, 2022. Warm winter 2020 ecosystem eddy covariance flux product from Lamasquere. https://doi.org/10.18160/D86P-B2W5"
FR-Tou,Toulouse,FR,ICOS,FLX,FLX,Grasslands,2018,2020,43.572857,1.37474,https://data.icos-cp.eu/licence_accept?ids=%5B%22UEIqCKle2Xb18_eKPcYb-ZMQ%22%5D&fileName=FLX_FR-Tou_FLUXNET2015_FULLSET_2018-2020_beta-3.zip,direct,ICOS,ICOS,Discovered directly from ICOS Carbon Portal FLUXNET metadata.,300,icos_direct,UEIqCKle2Xb18_eKPcYb-ZMQ,FLX_FR-Tou_FLUXNET2015_FULLSET_2018-2020_beta-3.zip,https://data.icos-cp.eu/licence_accept?ids=%5B%22UEIqCKle2Xb18_eKPcYb-ZMQ%22%5D&fileName=FLX_FR-Tou_FLUXNET2015_FULLSET_2018-2020_beta-3.zip,https://meta.icos-cp.eu/objects/UEIqCKle2Xb18_eKPcYb-ZMQ,https://data.icos-cp.eu/objects/UEIqCKle2Xb18_eKPcYb-ZMQ,http://meta.icos-cp.eu/resources/cpmeta/miscFluxnetArchiveProduct,http://meta.icos-cp.eu/resources/projects/FLUXNET,2018-01-01T00:00:00Z,2021-01-01T00:00:00Z,2022-01-27T16:41:38.344851Z,"Calvet, J.-C., ICOS Ecosystem Thematic Centre, 2022. Warm winter 2020 ecosystem eddy covariance flux product from Toulouse. https://doi.org/10.18160/6KQG-97TD"
GF-Guy,Guyaflux,GF,ICOS,FLX,FLX,Evergreen Broadleaf Forests,2004,2020,5.2787,-52.9248,https://data.icos-cp.eu/licence_accept?ids=%5B%22a5GK4dWHrmGQRdlXV-NKQltv%22%5D&fileName=FLX_GF-Guy_FLUXNET2015_FULLSET_2004-2020_beta-3.zip,direct,ICOS,ICOS,Discovered directly from ICOS Carbon Portal FLUXNET metadata.,300,icos_direct,a5GK4dWHrmGQRdlXV-NKQltv,FLX_GF-Guy_FLUXNET2015_FULLSET_2004-2020_beta-3.zip,https://data.icos-cp.eu/licence_accept?ids=%5B%22a5GK4dWHrmGQRdlXV-NKQltv%22%5D&fileName=FLX_GF-Guy_FLUXNET2015_FULLSET_2004-2020_beta-3.zip,https://meta.icos-cp.eu/objects/a5GK4dWHrmGQRdlXV-NKQltv,https://data.icos-cp.eu/objects/a5GK4dWHrmGQRdlXV-NKQltv,http://meta.icos-cp.eu/resources/cpmeta/miscFluxnetArchiveProduct,http://meta.icos-cp.eu/resources/projects/FLUXNET,2004-01-01T00:00:00Z,2021-01-01T00:00:00Z,2022-01-27T16:41:42.028988Z,"Bonal, D., Burban, B., ICOS Ecosystem Thematic Centre, 2022. Warm winter 2020 ecosystem eddy covariance flux product from Guyaflux. https://doi.org/10.18160/BMST-X8NQ"
GL-Dsk,Disko,GL,ICOS,FLX,FLX,Open Shrublands,2020,2020,69.25349,-53.51413,https://data.icos-cp.eu/licence_accept?ids=%5B%22mq0SkKSQMBk6ZP-0xaOCEeax%22%5D&fileName=FLX_GL-Dsk_FLUXNET2015_FULLSET_2020-2020_beta-3.zip,direct,ICOS,ICOS,Discovered directly from ICOS Carbon Portal FLUXNET metadata.,300,icos_direct,mq0SkKSQMBk6ZP-0xaOCEeax,FLX_GL-Dsk_FLUXNET2015_FULLSET_2020-2020_beta-3.zip,https://data.icos-cp.eu/licence_accept?ids=%5B%22mq0SkKSQMBk6ZP-0xaOCEeax%22%5D&fileName=FLX_GL-Dsk_FLUXNET2015_FULLSET_2020-2020_beta-3.zip,https://meta.icos-cp.eu/objects/mq0SkKSQMBk6ZP-0xaOCEeax,https://data.icos-cp.eu/objects/mq0SkKSQMBk6ZP-0xaOCEeax,http://meta.icos-cp.eu/resources/cpmeta/miscFluxnetArchiveProduct,http://meta.icos-cp.eu/resources/projects/FLUXNET,2020-01-01T00:00:00Z,2021-01-01T00:00:00Z,2022-01-27T16:41:44.600892Z,"Friborg, T., Sigsgaard, C., Elberling, B., ICOS Ecosystem Thematic Centre, 2022. Warm winter 2020 ecosystem eddy covariance flux product from Disko. https://doi.org/10.18160/BXGX-T22P"
IE-Cra,Clara Raised Bog,IE,ICOS,FLX,FLX,Permanent Wetlands,2020,2020,53.32308,-7.64177,https://data.icos-cp.eu/licence_accept?ids=%5B%22CrYHN-JxG96WzA6oid09bTBf%22%5D&fileName=FLX_IE-Cra_FLUXNET2015_FULLSET_2020-2020_beta-3.zip,direct,ICOS,ICOS,Discovered directly from ICOS Carbon Portal FLUXNET metadata.,300,icos_direct,CrYHN-JxG96WzA6oid09bTBf,FLX_IE-Cra_FLUXNET2015_FULLSET_2020-2020_beta-3.zip,https://data.icos-cp.eu/licence_accept?ids=%5B%22CrYHN-JxG96WzA6oid09bTBf%22%5D&fileName=FLX_IE-Cra_FLUXNET2015_FULLSET_2020-2020_beta-3.zip,https://meta.icos-cp.eu/objects/CrYHN-JxG96WzA6oid09bTBf,https://data.icos-cp.eu/objects/CrYHN-JxG96WzA6oid09bTBf,http://meta.icos-cp.eu/resources/cpmeta/miscFluxnetArchiveProduct,http://meta.icos-cp.eu/resources/projects/FLUXNET,2020-01-01T00:00:00Z,2021-01-01T00:00:00Z,2022-01-27T16:41:47.103794Z,"Saunders, M., ICOS Ecosystem Thematic Centre, 2022. Warm winter 2020 ecosystem eddy covariance flux product from Clara. https://doi.org/10.18160/4EEY-EZSZ"
IL-Yat,Yatir,IL,ICOS,FLX,FLX,Evergreen Needleleaf Forests,2000,2020,31.345045,35.051987,https://data.icos-cp.eu/licence_accept?ids=%5B%2253qn4laROOqSBKxCOn5rrzeP%22%5D&fileName=FLX_IL-Yat_FLUXNET2015_FULLSET_2000-2020_beta-3.zip,direct,ICOS,ICOS,Discovered directly from ICOS Carbon Portal FLUXNET metadata.,300,icos_direct,53qn4laROOqSBKxCOn5rrzeP,FLX_IL-Yat_FLUXNET2015_FULLSET_2000-2020_beta-3.zip,https://data.icos-cp.eu/licence_accept?ids=%5B%2253qn4laROOqSBKxCOn5rrzeP%22%5D&fileName=FLX_IL-Yat_FLUXNET2015_FULLSET_2000-2020_beta-3.zip,https://meta.icos-cp.eu/objects/53qn4laROOqSBKxCOn5rrzeP,https://data.icos-cp.eu/objects/53qn4laROOqSBKxCOn5rrzeP,http://meta.icos-cp.eu/resources/cpmeta/miscFluxnetArchiveProduct,http://meta.icos-cp.eu/resources/projects/FLUXNET,2000-01-01T00:00:00Z,2021-01-01T00:00:00Z,2022-01-27T16:41:52.191754Z,"Yakir, D., Muller, J., Schwartz, E., Rotenberg, E., ICOS Ecosystem Thematic Centre, 2022. Warm winter 2020 ecosystem eddy covariance flux product from Yatir. https://doi.org/10.18160/MAGT-CWRW"
IT-BCi,Borgo Cioffi,IT,ICOS,FLX,FLX,Croplands,2004,2020,40.52375,14.957444,https://data.icos-cp.eu/licence_accept?ids=%5B%22ItMjdK8gpDRCkYo0o_Zfwj4B%22%5D&fileName=FLX_IT-BCi_FLUXNET2015_FULLSET_2004-2020_beta-3.zip,direct,ICOS,ICOS,Discovered directly from ICOS Carbon Portal FLUXNET metadata.,300,icos_direct,ItMjdK8gpDRCkYo0o_Zfwj4B,FLX_IT-BCi_FLUXNET2015_FULLSET_2004-2020_beta-3.zip,https://data.icos-cp.eu/licence_accept?ids=%5B%22ItMjdK8gpDRCkYo0o_Zfwj4B%22%5D&fileName=FLX_IT-BCi_FLUXNET2015_FULLSET_2004-2020_beta-3.zip,https://meta.icos-cp.eu/objects/ItMjdK8gpDRCkYo0o_Zfwj4B,https://data.icos-cp.eu/objects/ItMjdK8gpDRCkYo0o_Zfwj4B,http://meta.icos-cp.eu/resources/cpmeta/miscFluxnetArchiveProduct,http://meta.icos-cp.eu/resources/projects/FLUXNET,2004-01-01T00:00:00Z,2021-01-01T00:00:00Z,2022-01-27T16:41:57.329092Z,"Magliulo, vincenzo, di tommasi, paul, famulari, daniela, vitale, luca, ICOS Ecosystem Thematic Centre, 2022. Warm winter 2020 ecosystem eddy covariance flux product from Borgo Cioffi. https://doi.org/10.18160/D04G-HQB2"
IT-BFt,Bosco Fontana,IT,ICOS,FLX,FLX,Deciduous Broadleaf Forests,2019,2020,45.197754,10.741966,https://data.icos-cp.eu/licence_accept?ids=%5B%227eL4KnCc24Deft2-FhVs_mXt%22%5D&fileName=FLX_IT-BFt_FLUXNET2015_FULLSET_2019-2020_beta-3.zip,direct,ICOS,ICOS,Discovered directly from ICOS Carbon Portal FLUXNET metadata.,300,icos_direct,7eL4KnCc24Deft2-FhVs_mXt,FLX_IT-BFt_FLUXNET2015_FULLSET_2019-2020_beta-3.zip,https://data.icos-cp.eu/licence_accept?ids=%5B%227eL4KnCc24Deft2-FhVs_mXt%22%5D&fileName=FLX_IT-BFt_FLUXNET2015_FULLSET_2019-2020_beta-3.zip,https://meta.icos-cp.eu/objects/7eL4KnCc24Deft2-FhVs_mXt,https://data.icos-cp.eu/objects/7eL4KnCc24Deft2-FhVs_mXt,http://meta.icos-cp.eu/resources/cpmeta/miscFluxnetArchiveProduct,http://meta.icos-cp.eu/resources/projects/FLUXNET,2019-01-01T00:00:00Z,2021-01-01T00:00:00Z,2022-01-27T16:42:04.174661Z,"Gerosa, G., Finco, A., Marzuoli, R., Chiesa, M., ICOS Ecosystem Thematic Centre, 2022. Warm winter 2020 ecosystem eddy covariance flux product from Bosco Fontana. https://doi.org/10.18160/M6XJ-Q0B3"
IT-Cp2,Castelporziano2,IT,ICOS,FLX,FLX,Mixed Forests,2012,2020,41.704266,12.357293,https://data.icos-cp.eu/licence_accept?ids=%5B%22lM-nq-nQl9rVregwPNL1KMm7%22%5D&fileName=FLX_IT-Cp2_FLUXNET2015_FULLSET_2012-2020_beta-3.zip,direct,ICOS,ICOS,Discovered directly from ICOS Carbon Portal FLUXNET metadata.,300,icos_direct,lM-nq-nQl9rVregwPNL1KMm7,FLX_IT-Cp2_FLUXNET2015_FULLSET_2012-2020_beta-3.zip,https://data.icos-cp.eu/licence_accept?ids=%5B%22lM-nq-nQl9rVregwPNL1KMm7%22%5D&fileName=FLX_IT-Cp2_FLUXNET2015_FULLSET_2012-2020_beta-3.zip,https://meta.icos-cp.eu/objects/lM-nq-nQl9rVregwPNL1KMm7,https://data.icos-cp.eu/objects/lM-nq-nQl9rVregwPNL1KMm7,http://meta.icos-cp.eu/resources/cpmeta/miscFluxnetArchiveProduct,http://meta.icos-cp.eu/resources/projects/FLUXNET,2012-01-01T00:00:00Z,2021-01-01T00:00:00Z,2022-01-27T16:42:12.787986Z,"Fares, S., Conte, A., ICOS Ecosystem Thematic Centre, 2022. Warm winter 2020 ecosystem eddy covariance flux product from Castelporziano2. https://doi.org/10.18160/WSAC-6XY6"
IT-Lav,Lavarone,IT,ICOS,FLX,FLX,Evergreen Needleleaf Forests,2003,2020,45.9562,11.28132,https://data.icos-cp.eu/licence_accept?ids=%5B%22sGAyjVH6yGkMrbzo-VSfMS3T%22%5D&fileName=FLX_IT-Lav_FLUXNET2015_FULLSET_2003-2020_beta-3.zip,direct,ICOS,ICOS,Discovered directly from ICOS Carbon Portal FLUXNET metadata.,300,icos_direct,sGAyjVH6yGkMrbzo-VSfMS3T,FLX_IT-Lav_FLUXNET2015_FULLSET_2003-2020_beta-3.zip,https://data.icos-cp.eu/licence_accept?ids=%5B%22sGAyjVH6yGkMrbzo-VSfMS3T%22%5D&fileName=FLX_IT-Lav_FLUXNET2015_FULLSET_2003-2020_beta-3.zip,https://meta.icos-cp.eu/objects/sGAyjVH6yGkMrbzo-VSfMS3T,https://data.icos-cp.eu/objects/sGAyjVH6yGkMrbzo-VSfMS3T,http://meta.icos-cp.eu/resources/cpmeta/miscFluxnetArchiveProduct,http://meta.icos-cp.eu/resources/projects/FLUXNET,2003-01-01T00:00:00Z,2021-01-01T00:00:00Z,2022-01-27T16:42:18.284904Z,"Gianelle, D., Belelli Marchesini, L., Sottocornola, M., ICOS Ecosystem Thematic Centre, 2022. Warm winter 2020 ecosystem eddy covariance flux product from Lavarone. https://doi.org/10.18160/HZSQ-G19C"
IT-Lsn,Lison,IT,ICOS,FLX,FLX,Open Shrublands,2016,2020,45.740482,12.750297,https://data.icos-cp.eu/licence_accept?ids=%5B%22ZqCEuKhjxHFFPErG4LLR8Y3u%22%5D&fileName=FLX_IT-Lsn_FLUXNET2015_FULLSET_2016-2020_beta-3.zip,direct,ICOS,ICOS,Discovered directly from ICOS Carbon Portal FLUXNET metadata.,300,icos_direct,ZqCEuKhjxHFFPErG4LLR8Y3u,FLX_IT-Lsn_FLUXNET2015_FULLSET_2016-2020_beta-3.zip,https://data.icos-cp.eu/licence_accept?ids=%5B%22ZqCEuKhjxHFFPErG4LLR8Y3u%22%5D&fileName=FLX_IT-Lsn_FLUXNET2015_FULLSET_2016-2020_beta-3.zip,https://meta.icos-cp.eu/objects/ZqCEuKhjxHFFPErG4LLR8Y3u,https://data.icos-cp.eu/objects/ZqCEuKhjxHFFPErG4LLR8Y3u,http://meta.icos-cp.eu/resources/cpmeta/miscFluxnetArchiveProduct,http://meta.icos-cp.eu/resources/projects/FLUXNET,2016-01-01T00:00:00Z,2021-01-01T00:00:00Z,2022-01-27T16:42:21.979841Z,"Pitacco, A., Vendrame, N., Meggio, F., Tezza, L., ICOS Ecosystem Thematic Centre, 2022. Warm winter 2020 ecosystem eddy covariance flux product from Lison. https://doi.org/10.18160/4SJH-8T5D"
IT-MBo,Monte Bondone,IT,ICOS,FLX,FLX,Grasslands,2003,2020,46.01468,11.045831,https://data.icos-cp.eu/licence_accept?ids=%5B%22TpS_6HENQSySMMG8jkkAmaJp%22%5D&fileName=FLX_IT-MBo_FLUXNET2015_FULLSET_2003-2020_beta-3.zip,direct,ICOS,ICOS,Discovered directly from ICOS Carbon Portal FLUXNET metadata.,300,icos_direct,TpS_6HENQSySMMG8jkkAmaJp,FLX_IT-MBo_FLUXNET2015_FULLSET_2003-2020_beta-3.zip,https://data.icos-cp.eu/licence_accept?ids=%5B%22TpS_6HENQSySMMG8jkkAmaJp%22%5D&fileName=FLX_IT-MBo_FLUXNET2015_FULLSET_2003-2020_beta-3.zip,https://meta.icos-cp.eu/objects/TpS_6HENQSySMMG8jkkAmaJp,https://data.icos-cp.eu/objects/TpS_6HENQSySMMG8jkkAmaJp,http://meta.icos-cp.eu/resources/cpmeta/miscFluxnetArchiveProduct,http://meta.icos-cp.eu/resources/projects/FLUXNET,2003-01-01T00:00:00Z,2021-01-01T00:00:00Z,2022-01-27T16:42:26.993943Z,"Gianelle, D., Belelli Marchesini, L., Marcolla, B., Sottocornola, M., ICOS Ecosystem Thematic Centre, 2022. Warm winter 2020 ecosystem eddy covariance flux product from Monte Bondone. https://doi.org/10.18160/G9KE-399C"
IT-Ren,Renon,IT,ICOS,FLX,FLX,Evergreen Needleleaf Forests,1999,2020,46.58686,11.43369,https://data.icos-cp.eu/licence_accept?ids=%5B%22FftQL1DiZRGGLO7apld7s78r%22%5D&fileName=FLX_IT-Ren_FLUXNET2015_FULLSET_1999-2020_beta-3.zip,direct,ICOS,ICOS,Discovered directly from ICOS Carbon Portal FLUXNET metadata.,300,icos_direct,FftQL1DiZRGGLO7apld7s78r,FLX_IT-Ren_FLUXNET2015_FULLSET_1999-2020_beta-3.zip,https://data.icos-cp.eu/licence_accept?ids=%5B%22FftQL1DiZRGGLO7apld7s78r%22%5D&fileName=FLX_IT-Ren_FLUXNET2015_FULLSET_1999-2020_beta-3.zip,https://meta.icos-cp.eu/objects/FftQL1DiZRGGLO7apld7s78r,https://data.icos-cp.eu/objects/FftQL1DiZRGGLO7apld7s78r,http://meta.icos-cp.eu/resources/cpmeta/miscFluxnetArchiveProduct,http://meta.icos-cp.eu/resources/projects/FLUXNET,1999-01-01T00:00:00Z,2021-01-01T00:00:00Z,2022-01-27T16:42:32.128539Z,"Montagnani, L., Stecher, M., ICOS Ecosystem Thematic Centre, 2022. Warm winter 2020 ecosystem eddy covariance flux product from Renon. https://doi.org/10.18160/WMCA-8P4P"
IT-SR2,San Rossore 2,IT,ICOS,FLX,FLX,Evergreen Needleleaf Forests,2013,2020,43.73202,10.29091,https://data.icos-cp.eu/licence_accept?ids=%5B%22bqA7N1QkO90Oz0QqzsUWsKnK%22%5D&fileName=FLX_IT-SR2_FLUXNET2015_FULLSET_2013-2020_beta-3.zip,direct,ICOS,ICOS,Discovered directly from ICOS Carbon Portal FLUXNET metadata.,300,icos_direct,bqA7N1QkO90Oz0QqzsUWsKnK,FLX_IT-SR2_FLUXNET2015_FULLSET_2013-2020_beta-3.zip,https://data.icos-cp.eu/licence_accept?ids=%5B%22bqA7N1QkO90Oz0QqzsUWsKnK%22%5D&fileName=FLX_IT-SR2_FLUXNET2015_FULLSET_2013-2020_beta-3.zip,https://meta.icos-cp.eu/objects/bqA7N1QkO90Oz0QqzsUWsKnK,https://data.icos-cp.eu/objects/bqA7N1QkO90Oz0QqzsUWsKnK,http://meta.icos-cp.eu/resources/cpmeta/miscFluxnetArchiveProduct,http://meta.icos-cp.eu/resources/projects/FLUXNET,2013-01-01T00:00:00Z,2021-01-01T00:00:00Z,2022-01-27T16:42:36.113095Z,"Arriga, N., Goded, I., Manca, G., ICOS Ecosystem Thematic Centre, 2022. Warm winter 2020 ecosystem eddy covariance flux product from San Rossore 2. https://doi.org/10.18160/EPYB-PSFM"
IT-Tor,Torgnon,IT,ICOS,FLX,FLX,Grasslands,2008,2020,45.84444,7.578055,https://data.icos-cp.eu/licence_accept?ids=%5B%22Z_2oXYGQMwWFrMgVZMHfDbrP%22%5D&fileName=FLX_IT-Tor_FLUXNET2015_FULLSET_2008-2020_beta-3.zip,direct,ICOS,ICOS,Discovered directly from ICOS Carbon Portal FLUXNET metadata.,300,icos_direct,Z_2oXYGQMwWFrMgVZMHfDbrP,FLX_IT-Tor_FLUXNET2015_FULLSET_2008-2020_beta-3.zip,https://data.icos-cp.eu/licence_accept?ids=%5B%22Z_2oXYGQMwWFrMgVZMHfDbrP%22%5D&fileName=FLX_IT-Tor_FLUXNET2015_FULLSET_2008-2020_beta-3.zip,https://meta.icos-cp.eu/objects/Z_2oXYGQMwWFrMgVZMHfDbrP,https://data.icos-cp.eu/objects/Z_2oXYGQMwWFrMgVZMHfDbrP,http://meta.icos-cp.eu/resources/cpmeta/miscFluxnetArchiveProduct,http://meta.icos-cp.eu/resources/projects/FLUXNET,2008-01-01T00:00:00Z,2021-01-01T00:00:00Z,2022-01-27T16:42:39.758775Z,"Cremonese, E., Galvagno, M., Morra di Cella, U., Migliavacca, M., ICOS Ecosystem Thematic Centre, 2022. Warm winter 2020 ecosystem eddy covariance flux product from Torgnon. https://doi.org/10.18160/9J7C-Q5QP"
NL-Loo,Loobos,NL,ICOS,FLX,FLX,Evergreen Needleleaf Forests,1996,2018,52.166447,5.74355,https://data.icos-cp.eu/licence_accept?ids=%5B%22xJKKbVMsJQr-x5vldv08vAUZ%22%5D&fileName=FLX_NL-Loo_FLUXNET2015_FULLSET_1996-2018_beta-3.zip,direct,ICOS,ICOS,Discovered directly from ICOS Carbon Portal FLUXNET metadata.,300,icos_direct,xJKKbVMsJQr-x5vldv08vAUZ,FLX_NL-Loo_FLUXNET2015_FULLSET_1996-2018_beta-3.zip,https://data.icos-cp.eu/licence_accept?ids=%5B%22xJKKbVMsJQr-x5vldv08vAUZ%22%5D&fileName=FLX_NL-Loo_FLUXNET2015_FULLSET_1996-2018_beta-3.zip,https://meta.icos-cp.eu/objects/xJKKbVMsJQr-x5vldv08vAUZ,https://data.icos-cp.eu/objects/xJKKbVMsJQr-x5vldv08vAUZ,http://meta.icos-cp.eu/resources/cpmeta/miscFluxnetArchiveProduct,http://meta.icos-cp.eu/resources/projects/FLUXNET,1996-01-01T00:00:00Z,2019-01-01T00:00:00Z,2020-03-06T10:59:15.182Z,"Kruijt, B., ICOS Ecosystem Thematic Centre, 2020. Drought-2018 ecosystem eddy covariance flux product from Loobos. https://doi.org/10.18160/MV3K-WM09"
RU-Fy2,Fyodorovskoye dry spruce stand,RU,ICOS,FLX,FLX,Evergreen Needleleaf Forests,2015,2020,56.4476,32.90188,https://data.icos-cp.eu/licence_accept?ids=%5B%22zh2o2m4z0w6_AA3paVNph3h2%22%5D&fileName=FLX_RU-Fy2_FLUXNET2015_FULLSET_2015-2020_beta-3.zip,direct,ICOS,ICOS,Discovered directly from ICOS Carbon Portal FLUXNET metadata.,300,icos_direct,zh2o2m4z0w6_AA3paVNph3h2,FLX_RU-Fy2_FLUXNET2015_FULLSET_2015-2020_beta-3.zip,https://data.icos-cp.eu/licence_accept?ids=%5B%22zh2o2m4z0w6_AA3paVNph3h2%22%5D&fileName=FLX_RU-Fy2_FLUXNET2015_FULLSET_2015-2020_beta-3.zip,https://meta.icos-cp.eu/objects/zh2o2m4z0w6_AA3paVNph3h2,https://data.icos-cp.eu/objects/zh2o2m4z0w6_AA3paVNph3h2,http://meta.icos-cp.eu/resources/cpmeta/miscFluxnetArchiveProduct,http://meta.icos-cp.eu/resources/projects/FLUXNET,2015-01-01T00:00:00Z,2021-01-01T00:00:00Z,2022-01-27T16:42:47.157867Z,"Varlagin, A., Kurbatova, J., Vygodskaya, N., ICOS Ecosystem Thematic Centre, 2022. Warm winter 2020 ecosystem eddy covariance flux product from Fyodorovskoye dry spruce stand. https://doi.org/10.18160/WK2C-VM7N"
RU-Fyo,Fyodorovskoye,RU,ICOS,FLX,FLX,Evergreen Needleleaf Forests,1998,2020,56.46153,32.922085,https://data.icos-cp.eu/licence_accept?ids=%5B%224bgr975VArEAkj4217eGGdcy%22%5D&fileName=FLX_RU-Fyo_FLUXNET2015_FULLSET_1998-2020_beta-3.zip,direct,ICOS,ICOS,Discovered directly from ICOS Carbon Portal FLUXNET metadata.,300,icos_direct,4bgr975VArEAkj4217eGGdcy,FLX_RU-Fyo_FLUXNET2015_FULLSET_1998-2020_beta-3.zip,https://data.icos-cp.eu/licence_accept?ids=%5B%224bgr975VArEAkj4217eGGdcy%22%5D&fileName=FLX_RU-Fyo_FLUXNET2015_FULLSET_1998-2020_beta-3.zip,https://meta.icos-cp.eu/objects/4bgr975VArEAkj4217eGGdcy,https://data.icos-cp.eu/objects/4bgr975VArEAkj4217eGGdcy,http://meta.icos-cp.eu/resources/cpmeta/miscFluxnetArchiveProduct,http://meta.icos-cp.eu/resources/projects/FLUXNET,1998-01-01T00:00:00Z,2021-01-01T00:00:00Z,2022-01-27T16:42:54.509243Z,"Varlagin, A., Kurbatova, J., Vygodskaya, N., ICOS Ecosystem Thematic Centre, 2022. Warm winter 2020 ecosystem eddy covariance flux product from Fyodorovskoye. https://doi.org/10.18160/XMER-D4NR"
SE-Deg,Degero,SE,ICOS,FLX,FLX,Permanent Wetlands,2001,2020,64.18203,19.55654,https://data.icos-cp.eu/licence_accept?ids=%5B%22JAE0OodUqPX35Q-R27nWZv3s%22%5D&fileName=FLX_SE-Deg_FLUXNET2015_FULLSET_2001-2020_beta-3.zip,direct,ICOS,ICOS,Discovered directly from ICOS Carbon Portal FLUXNET metadata.,300,icos_direct,JAE0OodUqPX35Q-R27nWZv3s,FLX_SE-Deg_FLUXNET2015_FULLSET_2001-2020_beta-3.zip,https://data.icos-cp.eu/licence_accept?ids=%5B%22JAE0OodUqPX35Q-R27nWZv3s%22%5D&fileName=FLX_SE-Deg_FLUXNET2015_FULLSET_2001-2020_beta-3.zip,https://meta.icos-cp.eu/objects/JAE0OodUqPX35Q-R27nWZv3s,https://data.icos-cp.eu/objects/JAE0OodUqPX35Q-R27nWZv3s,http://meta.icos-cp.eu/resources/cpmeta/miscFluxnetArchiveProduct,http://meta.icos-cp.eu/resources/projects/FLUXNET,2001-01-01T00:00:00Z,2021-01-01T00:00:00Z,2022-01-27T16:42:59.985409Z,"Nilsson, M.B., Ottosson Lofvenius, M., Peichl, M., Holst, J., ICOS Ecosystem Thematic Centre, 2022. Warm winter 2020 ecosystem eddy covariance flux product from Degerö. https://doi.org/10.18160/MJNM-N9F8"
SE-Htm,Hyltemossa,SE,ICOS,FLX,FLX,Evergreen Needleleaf Forests,2015,2020,56.09763,13.41897,https://data.icos-cp.eu/licence_accept?ids=%5B%22YJkrKWJx317TTXKmMk4XZRif%22%5D&fileName=FLX_SE-Htm_FLUXNET2015_FULLSET_2015-2020_beta-3.zip,direct,ICOS,ICOS,Discovered directly from ICOS Carbon Portal FLUXNET metadata.,300,icos_direct,YJkrKWJx317TTXKmMk4XZRif,FLX_SE-Htm_FLUXNET2015_FULLSET_2015-2020_beta-3.zip,https://data.icos-cp.eu/licence_accept?ids=%5B%22YJkrKWJx317TTXKmMk4XZRif%22%5D&fileName=FLX_SE-Htm_FLUXNET2015_FULLSET_2015-2020_beta-3.zip,https://meta.icos-cp.eu/objects/YJkrKWJx317TTXKmMk4XZRif,https://data.icos-cp.eu/objects/YJkrKWJx317TTXKmMk4XZRif,http://meta.icos-cp.eu/resources/cpmeta/miscFluxnetArchiveProduct,http://meta.icos-cp.eu/resources/projects/FLUXNET,2015-01-01T00:00:00Z,2021-01-01T00:00:00Z,2022-01-27T16:43:03.411086Z,"Heliasz, M., Holst, J., ICOS Ecosystem Thematic Centre, 2022. Warm winter 2020 ecosystem eddy covariance flux product from Hyltemossa. https://doi.org/10.18160/HQJA-PCXX"
SE-Lnn,Lanna,SE,ICOS,FLX,FLX,,2014,2018,58.34063,13.10177,https://data.icos-cp.eu/licence_accept?ids=%5B%22Tql1hGSd5UJKUCNlQQrDiQaj%22%5D&fileName=FLX_SE-Lnn_FLUXNET2015_FULLSET_2014-2018_beta-3.zip,direct,ICOS,ICOS,Discovered directly from ICOS Carbon Portal FLUXNET metadata.,300,icos_direct,Tql1hGSd5UJKUCNlQQrDiQaj,FLX_SE-Lnn_FLUXNET2015_FULLSET_2014-2018_beta-3.zip,https://data.icos-cp.eu/licence_accept?ids=%5B%22Tql1hGSd5UJKUCNlQQrDiQaj%22%5D&fileName=FLX_SE-Lnn_FLUXNET2015_FULLSET_2014-2018_beta-3.zip,https://meta.icos-cp.eu/objects/Tql1hGSd5UJKUCNlQQrDiQaj,https://data.icos-cp.eu/objects/Tql1hGSd5UJKUCNlQQrDiQaj,http://meta.icos-cp.eu/resources/cpmeta/miscFluxnetArchiveProduct,http://meta.icos-cp.eu/resources/projects/FLUXNET,2014-01-01T00:00:00Z,2019-01-01T00:00:00Z,2020-03-06T11:00:02.453Z,"Weslien, P., ICOS Ecosystem Thematic Centre, 2020. Drought-2018 ecosystem eddy covariance flux product from Lanna. https://doi.org/10.18160/5GZQ-S6Z0"
SE-Nor,Norunda,SE,ICOS,FLX,FLX,Evergreen Needleleaf Forests,2014,2020,60.0865,17.479504,https://data.icos-cp.eu/licence_accept?ids=%5B%22f1tLJAI708YA5w37gX6UNQbY%22%5D&fileName=FLX_SE-Nor_FLUXNET2015_FULLSET_2014-2020_beta-3.zip,direct,ICOS,ICOS,Discovered directly from ICOS Carbon Portal FLUXNET metadata.,300,icos_direct,f1tLJAI708YA5w37gX6UNQbY,FLX_SE-Nor_FLUXNET2015_FULLSET_2014-2020_beta-3.zip,https://data.icos-cp.eu/licence_accept?ids=%5B%22f1tLJAI708YA5w37gX6UNQbY%22%5D&fileName=FLX_SE-Nor_FLUXNET2015_FULLSET_2014-2020_beta-3.zip,https://meta.icos-cp.eu/objects/f1tLJAI708YA5w37gX6UNQbY,https://data.icos-cp.eu/objects/f1tLJAI708YA5w37gX6UNQbY,http://meta.icos-cp.eu/resources/cpmeta/miscFluxnetArchiveProduct,http://meta.icos-cp.eu/resources/projects/FLUXNET,2014-01-01T00:00:00Z,2021-01-01T00:00:00Z,2022-01-27T16:43:07.262284Z,"Mölder, M., Lankreijer, H., Lagergren, F., Holst, J., ICOS Ecosystem Thematic Centre, 2022. Warm winter 2020 ecosystem eddy covariance flux product from Norunda. https://doi.org/10.18160/87R1-0HRM"
SE-Ros,Rosinedal-3,SE,ICOS,FLX,FLX,Evergreen Needleleaf Forests,2014,2020,64.16534,19.791416,https://data.icos-cp.eu/licence_accept?ids=%5B%22N5q7xRpGuvY95jyTgphht6ZA%22%5D&fileName=FLX_SE-Ros_FLUXNET2015_FULLSET_2014-2020_beta-3.zip,direct,ICOS,ICOS,Discovered directly from ICOS Carbon Portal FLUXNET metadata.,300,icos_direct,N5q7xRpGuvY95jyTgphht6ZA,FLX_SE-Ros_FLUXNET2015_FULLSET_2014-2020_beta-3.zip,https://data.icos-cp.eu/licence_accept?ids=%5B%22N5q7xRpGuvY95jyTgphht6ZA%22%5D&fileName=FLX_SE-Ros_FLUXNET2015_FULLSET_2014-2020_beta-3.zip,https://meta.icos-cp.eu/objects/N5q7xRpGuvY95jyTgphht6ZA,https://data.icos-cp.eu/objects/N5q7xRpGuvY95jyTgphht6ZA,http://meta.icos-cp.eu/resources/cpmeta/miscFluxnetArchiveProduct,http://meta.icos-cp.eu/resources/projects/FLUXNET,2014-01-01T00:00:00Z,2021-01-01T00:00:00Z,2022-01-27T16:43:14.232764Z,"Peichl, M., Nilsson, M.B., Pilegaard, K., de Simon, G., ICOS Ecosystem Thematic Centre, 2022. Warm winter 2020 ecosystem eddy covariance flux product from Rosinedal-3. https://doi.org/10.18160/RJ1S-CC2Z"
SE-Svb,Svartberget,SE,ICOS,FLX,FLX,Evergreen Needleleaf Forests,2014,2020,64.25611,19.7745,https://data.icos-cp.eu/licence_accept?ids=%5B%22ujM7vxk12vKCoquLSToLG18z%22%5D&fileName=FLX_SE-Svb_FLUXNET2015_FULLSET_2014-2020_beta-3.zip,direct,ICOS,ICOS,Discovered directly from ICOS Carbon Portal FLUXNET metadata.,300,icos_direct,ujM7vxk12vKCoquLSToLG18z,FLX_SE-Svb_FLUXNET2015_FULLSET_2014-2020_beta-3.zip,https://data.icos-cp.eu/licence_accept?ids=%5B%22ujM7vxk12vKCoquLSToLG18z%22%5D&fileName=FLX_SE-Svb_FLUXNET2015_FULLSET_2014-2020_beta-3.zip,https://meta.icos-cp.eu/objects/ujM7vxk12vKCoquLSToLG18z,https://data.icos-cp.eu/objects/ujM7vxk12vKCoquLSToLG18z,http://meta.icos-cp.eu/resources/cpmeta/miscFluxnetArchiveProduct,http://meta.icos-cp.eu/resources/projects/FLUXNET,2014-01-01T00:00:00Z,2021-01-01T00:00:00Z,2022-01-27T16:43:18.003946Z,"Peichl, M., Ottosson Lofvenius, M., Nilsson, M.B., Marklund, P., ICOS Ecosystem Thematic Centre, 2022. Warm winter 2020 ecosystem eddy covariance flux product from Svartberget. https://doi.org/10.18160/XWNX-9FWC"
