site_id,vegetation_type,metadata_source
AR-BAL,CRO,ameriflux_site_search
AR-CCA,CRO,ameriflux_site_search
AR-CCG,GRA,ameriflux_site_search
AR-CEL,WET,ameriflux_site_search
AR-ROM,WET,ameriflux_site_search
AR-SLU,MF,fluxnet_siteinfo
AR-TF1,WET,ameriflux_site_search
AR-TF2,WET,ameriflux_site_search
AR-VIR,ENF,fluxnet_siteinfo
AT-NEU,GRA,fluxnet_siteinfo
AU-ADE,WSA,fluxnet_siteinfo
AU-ASM,SAV,fluxnet_siteinfo
AU-CPR,SAV,fluxnet_siteinfo
AU-CUM,EBF,fluxnet_siteinfo
AU-DAP,GRA,fluxnet_siteinfo
AU-DAS,SAV,fluxnet_siteinfo
AU-DRY,SAV,fluxnet_siteinfo
AU-EMR,GRA,fluxnet_siteinfo
AU-FOG,WET,fluxnet_siteinfo
AU-GIN,WSA,fluxnet_siteinfo
AU-GWW,SAV,fluxnet_siteinfo
AU-HOW,WSA,fluxnet_siteinfo
AU-LOX,DBF,fluxnet_siteinfo
AU-RDF,WSA,fluxnet_siteinfo
AU-RIG,GRA,fluxnet_siteinfo
AU-ROB,EBF,fluxnet_siteinfo
AU-STP,GRA,fluxnet_siteinfo
AU-TTE,GRA,fluxnet_siteinfo
AU-TUM,EBF,fluxnet_siteinfo
AU-WAC,EBF,fluxnet_siteinfo
AU-WHR,EBF,fluxnet_siteinfo
AU-WOM,EBF,fluxnet_siteinfo
AU-YNC,GRA,fluxnet_siteinfo
BE-BRA,MF,fluxnet_siteinfo
BE-LON,CRO,fluxnet_siteinfo
BE-VIE,MF,fluxnet_siteinfo
BR-BNT,EBF,ameriflux_site_search
BR-CAX,EBF,ameriflux_site_search
BR-CMT,CRO,ameriflux_site_search
BR-CST,DNF,ameriflux_site_search
BR-CUI,WET,ameriflux_site_search
BR-CUP,DBF,ameriflux_site_search
BR-IAB,WSA,ameriflux_site_search
BR-ITA,EBF,ameriflux_site_search
BR-JI1,GRA,ameriflux_site_search
BR-JI3,EBF,ameriflux_site_search
BR-MA2,EBF,ameriflux_site_search
BR-MA3,CVM,ameriflux_site_search
BR-MOJ,CVM,ameriflux_site_search
BR-NPW,WSA,ameriflux_site_search
BR-PRS,CRO,ameriflux_site_search
BR-SA1,EBF,ameriflux_site_search
BR-SA3,EBF,ameriflux_site_search
BR-SGC,EBF,ameriflux_site_search
BR-SM1,CRO,ameriflux_site_search
BR-SM2,GRA,ameriflux_site_search
BR-SM3,CRO,ameriflux_site_search
BR-SP1,WSA,ameriflux_site_search
BR-XPW,GRA,ameriflux_site_search
CA-AF1,MF,ameriflux_site_search
CA-ARB,WET,ameriflux_site_search
CA-ARF,WET,ameriflux_site_search
CA-BCW,WET,ameriflux_site_search
CA-BOU,WET,ameriflux_site_search
CA-BSM,ENF,ameriflux_site_search
CA-CA1,ENF,ameriflux_site_search
CA-CA2,ENF,ameriflux_site_search
CA-CA3,ENF,ameriflux_site_search
CA-CBO,DBF,ameriflux_site_search
CA-CF1,WET,ameriflux_site_search
CA-CF2,WET,ameriflux_site_search
CA-CF3,WET,ameriflux_site_search
CA-CHA,MF,ameriflux_site_search
CA-CQ1,CRO,ameriflux_site_search
CA-CRB,CRO,ameriflux_site_search
CA-DB2,WET,ameriflux_site_search
CA-DBB,WET,ameriflux_site_search
CA-DL1,OSH,ameriflux_site_search
CA-DL2,WET,ameriflux_site_search
CA-DSM,WET,ameriflux_site_search
CA-EM1,WET,ameriflux_site_search
CA-EM2,WET,ameriflux_site_search
CA-EM3,WET,ameriflux_site_search
CA-ER1,CRO,ameriflux_site_search
CA-ER2,CRO,ameriflux_site_search
CA-GL3,WAT,ameriflux_site_search
CA-GRO,MF,ameriflux_site_search
CA-HPC,ENF,ameriflux_site_search
CA-IQT,GRA,ameriflux_site_search
CA-KLP,WET,ameriflux_site_search
CA-KT1,CRO,ameriflux_site_search
CA-KT2,CRO,ameriflux_site_search
CA-LET,GRA,ameriflux_site_search
CA-LP1,ENF,ameriflux_site_search
CA-LU1,OSH,ameriflux_site_search
CA-LU2,OSH,ameriflux_site_search
CA-LUM,WET,ameriflux_site_search
CA-MA1,CRO,ameriflux_site_search
CA-MA2,CRO,ameriflux_site_search
CA-MA3,GRA,ameriflux_site_search
CA-MAN,ENF,ameriflux_site_search
CA-MER,WET,ameriflux_site_search
CA-MR3,GRA,ameriflux_site_search
CA-MR5,GRA,ameriflux_site_search
CA-MTK,GRA,ameriflux_site_search
CA-NA1,ENF,ameriflux_site_search
CA-NS1,ENF,ameriflux_site_search
CA-NS2,ENF,ameriflux_site_search
CA-NS3,ENF,ameriflux_site_search
CA-NS4,ENF,ameriflux_site_search
CA-NS5,ENF,ameriflux_site_search
CA-NS6,OSH,ameriflux_site_search
CA-NS7,OSH,ameriflux_site_search
CA-NS8,ENF,ameriflux_site_search
CA-OAS,DBF,ameriflux_site_search
CA-OBS,ENF,ameriflux_site_search
CA-OJP,ENF,ameriflux_site_search
CA-PB1,WET,ameriflux_site_search
CA-PB2,WET,ameriflux_site_search
CA-QC2,MF,ameriflux_site_search
CA-QCU,ENF,ameriflux_site_search
CA-QFO,ENF,ameriflux_site_search
CA-RBM,WET,ameriflux_site_search
CA-RPN,OSH,ameriflux_site_search
CA-RPP,OSH,ameriflux_site_search
CA-RSB,BSV,ameriflux_site_search
CA-SCB,WET,ameriflux_site_search
CA-SCC,ENF,ameriflux_site_search
CA-SF1,ENF,ameriflux_site_search
CA-SF2,ENF,ameriflux_site_search
CA-SF3,OSH,ameriflux_site_search
CA-SJ1,ENF,ameriflux_site_search
CA-SJ2,ENF,ameriflux_site_search
CA-SJ3,ENF,ameriflux_site_search
CA-SMC,ENF,ameriflux_site_search
CA-ST1,CRO,ameriflux_site_search
CA-ST2,CRO,ameriflux_site_search
CA-TP1,ENF,ameriflux_site_search
CA-TP2,ENF,ameriflux_site_search
CA-TP3,ENF,ameriflux_site_search
CA-TP4,ENF,ameriflux_site_search
CA-TPA,CRO,ameriflux_site_search
CA-TPD,DBF,ameriflux_site_search
CA-TVC,OSH,ameriflux_site_search
CA-WP1,WET,ameriflux_site_search
CA-WP2,WET,ameriflux_site_search
CA-WP3,WET,ameriflux_site_search
CA-WRF,WET,ameriflux_site_search
CG-TCH,SAV,fluxnet_siteinfo
CH-CHA,GRA,fluxnet_siteinfo
CH-DAV,ENF,fluxnet_siteinfo
CH-FRU,GRA,fluxnet_siteinfo
CH-LAE,MF,fluxnet_siteinfo
CH-OE1,GRA,fluxnet_siteinfo
CH-OE2,CRO,fluxnet_siteinfo
CL-ACF,ENF,ameriflux_site_search
CL-FJS,OSH,ameriflux_site_search
CL-OPP,WET,ameriflux_site_search
CL-SDF,EBF,ameriflux_site_search
CL-SDP,WET,ameriflux_site_search
CN-CHA,MF,fluxnet_siteinfo
CN-CNG,GRA,fluxnet_siteinfo
CN-DAN,GRA,fluxnet_siteinfo
CN-DIN,EBF,fluxnet_siteinfo
CN-DU2,GRA,fluxnet_siteinfo
CN-DU3,GRA,fluxnet_siteinfo
CN-HA2,WET,fluxnet_siteinfo
CN-HAM,GRA,fluxnet_siteinfo
CN-QIA,ENF,fluxnet_siteinfo
CN-SW2,GRA,fluxnet_siteinfo
CO-GV1,WET,ameriflux_site_search
CO-GV2,WET,ameriflux_site_search
CR-DOS,EBF,ameriflux_site_search
CR-FSC,CRO,ameriflux_site_search
CR-LSE,EBF,ameriflux_site_search
CR-NMR,CRO,ameriflux_site_search
CR-SOC,EBF,ameriflux_site_search
CZ-BK1,ENF,fluxnet_siteinfo
CZ-BK2,GRA,fluxnet_siteinfo
CZ-WET,WET,fluxnet_siteinfo
DE-AKM,WET,fluxnet_siteinfo
DE-GEB,CRO,fluxnet_siteinfo
DE-GRI,GRA,fluxnet_siteinfo
DE-HAI,DBF,fluxnet_siteinfo
DE-KLI,CRO,fluxnet_siteinfo
DE-LKB,ENF,fluxnet_siteinfo
DE-LNF,DBF,fluxnet_siteinfo
DE-OBE,ENF,fluxnet_siteinfo
DE-RUR,GRA,fluxnet_siteinfo
DE-RUS,CRO,fluxnet_siteinfo
DE-SEH,CRO,fluxnet_siteinfo
DE-SFN,WET,fluxnet_siteinfo
DE-SPW,WET,fluxnet_siteinfo
DE-THA,ENF,fluxnet_siteinfo
DE-ZRK,WET,fluxnet_siteinfo
DK-ENG,GRA,fluxnet_siteinfo
DK-FOU,CRO,fluxnet_siteinfo
DK-SOR,DBF,fluxnet_siteinfo
ES-AMO,OSH,fluxnet_siteinfo
ES-LGS,OSH,fluxnet_siteinfo
ES-LJU,OSH,fluxnet_siteinfo
ES-LN2,OSH,fluxnet_siteinfo
FI-HYY,ENF,fluxnet_siteinfo
FI-JOK,CRO,fluxnet_siteinfo
FI-LET,ENF,fluxnet_siteinfo
FI-LOM,WET,fluxnet_siteinfo
FI-SOD,ENF,fluxnet_siteinfo
FR-FON,DBF,fluxnet_siteinfo
FR-GRI,CRO,fluxnet_siteinfo
FR-LBR,ENF,fluxnet_siteinfo
FR-PUE,EBF,fluxnet_siteinfo
GF-GUY,EBF,fluxnet_siteinfo
GH-ANK,EBF,fluxnet_siteinfo
GL-NUF,WET,fluxnet_siteinfo
GL-ZAF,WET,fluxnet_siteinfo
GL-ZAH,GRA,fluxnet_siteinfo
IT-BCI,CRO,fluxnet_siteinfo
IT-CA1,DBF,fluxnet_siteinfo
IT-CA2,CRO,fluxnet_siteinfo
IT-CA3,DBF,fluxnet_siteinfo
IT-COL,DBF,fluxnet_siteinfo
IT-CP2,EBF,fluxnet_siteinfo
IT-CPZ,EBF,fluxnet_siteinfo
IT-ISP,DBF,fluxnet_siteinfo
IT-LA2,ENF,fluxnet_siteinfo
IT-LAV,ENF,fluxnet_siteinfo
IT-MBO,GRA,fluxnet_siteinfo
IT-NOE,CSH,fluxnet_siteinfo
IT-PT1,DBF,fluxnet_siteinfo
IT-REN,ENF,fluxnet_siteinfo
IT-RO1,DBF,fluxnet_siteinfo
IT-RO2,DBF,fluxnet_siteinfo
IT-SR2,ENF,fluxnet_siteinfo
IT-SRO,ENF,fluxnet_siteinfo
IT-TOR,GRA,fluxnet_siteinfo
JP-MBF,DBF,fluxnet_siteinfo
JP-SMF,MF,fluxnet_siteinfo
MX-AOG,DBF,ameriflux_site_search
MX-ASF,DBF,ameriflux_site_search
MX-BRN,OSH,ameriflux_site_search
MX-CHB,SAV,ameriflux_site_search
MX-CHN,CSH,ameriflux_site_search
MX-CLS,WAT,ameriflux_site_search
MX-EMG,CSH,ameriflux_site_search
MX-IIT,URB,ameriflux_site_search
MX-ISD,OSH,ameriflux_site_search
MX-LPA,OSH,ameriflux_site_search
MX-OAK,WSA,ameriflux_site_search
MX-PMM,WET,ameriflux_site_search
MX-RAY,WSA,ameriflux_site_search
MX-SGT,WET,ameriflux_site_search
MX-TES,DBF,ameriflux_site_search
MX-VQS,GRA,ameriflux_site_search
MY-PSO,EBF,fluxnet_siteinfo
NL-HOR,GRA,fluxnet_siteinfo
NL-LOO,ENF,fluxnet_siteinfo
PA-BAR,EBF,ameriflux_site_search
PA-BAS,EBF,ameriflux_site_search
PA-SPN,DBF,fluxnet_siteinfo
PA-SPS,GRA,fluxnet_siteinfo
PE-AMG,EBF,ameriflux_site_search
PE-BRE,EBF,ameriflux_site_search
PE-PAN,EBF,ameriflux_site_search
PE-QFR,WET,ameriflux_site_search
PE-TNR,MF,ameriflux_site_search
PR-XGU,EBF,ameriflux_site_search
PR-XLA,GRA,ameriflux_site_search
RU-CHE,WET,fluxnet_siteinfo
RU-COK,OSH,fluxnet_siteinfo
RU-FYO,ENF,fluxnet_siteinfo
RU-HA1,GRA,fluxnet_siteinfo
RU-SAM,GRA,fluxnet_siteinfo
RU-SKP,DNF,fluxnet_siteinfo
RU-TKS,GRA,fluxnet_siteinfo
RU-VRK,CSH,fluxnet_siteinfo
SD-DEM,SAV,fluxnet_siteinfo
SE-ST1,WET,fluxnet_siteinfo
SJ-ADV,WET,fluxnet_siteinfo
SJ-BLV,SNO,fluxnet_siteinfo
SN-DHR,SAV,fluxnet_siteinfo
US-A03,BSV,ameriflux_site_search
US-A10,BSV,ameriflux_site_search
US-A12,CVM,ameriflux_site_search
US-A14,CVM,ameriflux_site_search
US-A20,CRO,ameriflux_site_search
US-A30,CRO,ameriflux_site_search
US-A31,GRA,ameriflux_site_search
US-A32,GRA,ameriflux_site_search
US-A33,CVM,ameriflux_site_search
US-A37,CVM,ameriflux_site_search
US-A38,CVM,ameriflux_site_search
US-A39,CRO,ameriflux_site_search
US-A40,CRO,ameriflux_site_search
US-A41,CVM,ameriflux_site_search
US-A74,CRO,ameriflux_site_search
US-AAG,GRA,ameriflux_site_search
US-ABA,GRA,ameriflux_site_search
US-ABB,GRA,ameriflux_site_search
US-ABC,GRA,ameriflux_site_search
US-ABD,GRA,ameriflux_site_search
US-ABE,WET,ameriflux_site_search
US-AC2,CRO,ameriflux_site_search
US-AC3,WAT,ameriflux_site_search
US-AC5,URB,ameriflux_site_search
US-AC6,URB,ameriflux_site_search
US-ACT,WAT,ameriflux_site_search
US-ADR,BSV,ameriflux_site_search
US-AF1,CVM,ameriflux_site_search
US-AKN,MF,ameriflux_site_search
US-ALQ,WET,ameriflux_site_search
US-AMS,GRA,ameriflux_site_search
US-AN1,OSH,ameriflux_site_search
US-AN2,OSH,ameriflux_site_search
US-AN3,OSH,ameriflux_site_search
US-AOL,MF,ameriflux_site_search
US-AR1,GRA,ameriflux_site_search
US-AR2,GRA,ameriflux_site_search
US-ARB,GRA,ameriflux_site_search
US-ARC,GRA,ameriflux_site_search
US-ARM,CRO,ameriflux_site_search
US-ASH,DBF,ameriflux_site_search
US-ASL,DBF,ameriflux_site_search
US-ASM,DBF,ameriflux_site_search
US-ATQ,WET,ameriflux_site_search
US-AUD,GRA,ameriflux_site_search
US-AV1,CRO,ameriflux_site_search
US-AV2,CRO,ameriflux_site_search
US-AV3,CRO,ameriflux_site_search
US-AV4,CRO,ameriflux_site_search
US-AV5,CRO,ameriflux_site_search
US-BAR,DBF,ameriflux_site_search
US-BCM,WET,ameriflux_site_search
US-BD4,CRO,ameriflux_site_search
US-BD5,CRO,ameriflux_site_search
US-BD6,CRO,ameriflux_site_search
US-BDA,CRO,ameriflux_site_search
US-BDC,CRO,ameriflux_site_search
US-BEO,WET,ameriflux_site_search
US-BES,WET,ameriflux_site_search
US-BFS,OSH,ameriflux_site_search
US-BGC,WSA,ameriflux_site_search
US-BI1,CRO,ameriflux_site_search
US-BI2,CRO,ameriflux_site_search
US-BKG,GRA,ameriflux_site_search
US-BLK,ENF,ameriflux_site_search
US-BLO,ENF,ameriflux_site_search
US-BMM,GRA,ameriflux_site_search
US-BN1,ENF,ameriflux_site_search
US-BN2,DBF,ameriflux_site_search
US-BN3,OSH,ameriflux_site_search
US-BNF,MF,ameriflux_site_search
US-BO1,CRO,ameriflux_site_search
US-BO2,CRO,ameriflux_site_search
US-BR1,CRO,ameriflux_site_search
US-BR2,CRO,ameriflux_site_search
US-BR3,CRO,ameriflux_site_search
US-BRG,GRA,ameriflux_site_search
US-BRW,WET,ameriflux_site_search
US-BSG,OSH,ameriflux_site_search
US-BSM,WET,ameriflux_site_search
US-BWA,URB,ameriflux_site_search
US-BWB,GRA,ameriflux_site_search
US-BWE,GRA,ameriflux_site_search
US-BZB,WET,ameriflux_site_search
US-BZF,WET,ameriflux_site_search
US-BZL,WET,ameriflux_site_search
US-BZO,WET,ameriflux_site_search
US-BZS,ENF,ameriflux_site_search
US-CAK,GRA,ameriflux_site_search
US-CAV,GRA,ameriflux_site_search
US-CC1,CRO,ameriflux_site_search
US-CC2,CRO,ameriflux_site_search
US-CDM,WSA,ameriflux_site_search
US-CED,CSH,ameriflux_site_search
US-CF1,CRO,ameriflux_site_search
US-CF2,CRO,ameriflux_site_search
US-CF3,CRO,ameriflux_site_search
US-CF4,CRO,ameriflux_site_search
US-CGG,GRA,ameriflux_site_search
US-CHR,DBF,ameriflux_site_search
US-CLF,CVM,ameriflux_site_search
US-CLN,CRO,ameriflux_site_search
US-CLS,CRO,ameriflux_site_search
US-CMS,WET,ameriflux_site_search
US-CMW,DBF,ameriflux_site_search
US-CN1,GRA,ameriflux_site_search
US-CN2,GRA,ameriflux_site_search
US-COP,GRA,ameriflux_site_search
US-CPF,ENF,ameriflux_site_search
US-CPK,ENF,ameriflux_site_search
US-CRE,CRO,ameriflux_site_search
US-CRK,ENF,ameriflux_site_search
US-CRT,CRO,ameriflux_site_search
US-CRW,CRO,ameriflux_site_search
US-CS1,CRO,ameriflux_site_search
US-CS2,ENF,ameriflux_site_search
US-CS3,CRO,ameriflux_site_search
US-CS4,CRO,ameriflux_site_search
US-CS5,CRO,ameriflux_site_search
US-CS6,CRO,ameriflux_site_search
US-CS7,ENF,ameriflux_site_search
US-CS8,CRO,ameriflux_site_search
US-CST,ENF,ameriflux_site_search
US-CTN,GRA,ameriflux_site_search
US-CU1,URB,ameriflux_site_search
US-CU2,URB,ameriflux_site_search
US-CU3,URB,ameriflux_site_search
US-CU4,OSH,ameriflux_site_search
US-CWG,GRA,ameriflux_site_search
US-CWT,DBF,ameriflux_site_search
US-CX1,GRA,ameriflux_site_search
US-CX2,GRA,ameriflux_site_search
US-CZ1,SAV,ameriflux_site_search
US-CZ2,ENF,ameriflux_site_search
US-CZ3,ENF,ameriflux_site_search
US-CZ4,ENF,ameriflux_site_search
US-DBK,URB,ameriflux_site_search
US-DCS,WET,ameriflux_site_search
US-DEA,CRO,ameriflux_site_search
US-DEU,URB,ameriflux_site_search
US-DFC,CRO,ameriflux_site_search
US-DFK,CRO,ameriflux_site_search
US-DIA,GRA,ameriflux_site_search
US-DIX,MF,ameriflux_site_search
US-DK1,GRA,ameriflux_site_search
US-DK2,DBF,ameriflux_site_search
US-DK3,ENF,ameriflux_site_search
US-DMG,WET,ameriflux_site_search
US-DPP,ENF,ameriflux_site_search
US-DPW,WET,ameriflux_site_search
US-DS1,CRO,ameriflux_site_search
US-DS2,CRO,ameriflux_site_search
US-DS3,CRO,ameriflux_site_search
US-DUF,URB,ameriflux_site_search
US-E32,CVM,ameriflux_site_search
US-EA4,MF,ameriflux_site_search
US-EA5,CSH,ameriflux_site_search
US-EA6,WSA,ameriflux_site_search
US-EDN,WET,ameriflux_site_search
US-EKH,WET,ameriflux_site_search
US-EKN,WET,ameriflux_site_search
US-EKP,WET,ameriflux_site_search
US-EKY,WET,ameriflux_site_search
US-ELM,WET,ameriflux_site_search
US-EML,OSH,ameriflux_site_search
US-EPM,SAV,ameriflux_site_search
US-ESM,WET,ameriflux_site_search
US-EVM,WET,ameriflux_site_search
US-FBE,WAT,ameriflux_site_search
US-FCR,OSH,ameriflux_site_search
US-FMF,ENF,ameriflux_site_search
US-FO1,WET,ameriflux_site_search
US-FO2,WET,ameriflux_site_search
US-FPE,GRA,ameriflux_site_search
US-FR1,GRA,ameriflux_site_search
US-FR2,WSA,ameriflux_site_search
US-FR3,CSH,ameriflux_site_search
US-FUF,ENF,ameriflux_site_search
US-FWF,GRA,ameriflux_site_search
US-GBT,ENF,ameriflux_site_search
US-GCE,WET,ameriflux_site_search
US-GL1,WAT,ameriflux_site_search
US-GL2,WAT,ameriflux_site_search
US-GLE,ENF,ameriflux_site_search
US-GMF,MF,ameriflux_site_search
US-GOO,GRA,ameriflux_site_search
US-GR8,CRO,ameriflux_site_search
US-GR9,CRO,ameriflux_site_search
US-GZ1,CRO,ameriflux_site_search
US-GZ2,CRO,ameriflux_site_search
US-GZ3,CRO,ameriflux_site_search
US-HA1,DBF,ameriflux_site_search
US-HA2,ENF,ameriflux_site_search
US-HA3,WET,ameriflux_site_search
US-HB1,WET,ameriflux_site_search
US-HB2,ENF,ameriflux_site_search
US-HB3,ENF,ameriflux_site_search
US-HB4,WET,ameriflux_site_search
US-HB5,ENF,ameriflux_site_search
US-HB6,ENF,ameriflux_site_search
US-HB7,WET,ameriflux_site_search
US-HBA,CRO,ameriflux_site_search
US-HBB,CRO,ameriflux_site_search
US-HBK,DBF,ameriflux_site_search
US-HN1,OSH,ameriflux_site_search
US-HN2,GRA,ameriflux_site_search
US-HN3,OSH,ameriflux_site_search
US-HO1,ENF,ameriflux_site_search
US-HO2,ENF,ameriflux_site_search
US-HO3,ENF,ameriflux_site_search
US-HPY,WET,ameriflux_site_search
US-HRA,CRO,ameriflux_site_search
US-HRC,CRO,ameriflux_site_search
US-HRN,CRO,ameriflux_site_search
US-HRO,WET,ameriflux_site_search
US-HRP,WET,ameriflux_site_search
US-HRS,CRO,ameriflux_site_search
US-HSM,WET,ameriflux_site_search
US-HVA,WET,ameriflux_site_search
US-HVS,WET,ameriflux_site_search
US-HWB,CVM,ameriflux_site_search
US-IAA,CRO,ameriflux_site_search
US-IAB,CRO,ameriflux_site_search
US-IAC,CRO,ameriflux_site_search
US-IAM,CRO,ameriflux_site_search
US-IB1,CRO,ameriflux_site_search
US-IB2,GRA,ameriflux_site_search
US-ICH,OSH,ameriflux_site_search
US-ICS,WET,ameriflux_site_search
US-ICT,OSH,ameriflux_site_search
US-IL1,GRA,ameriflux_site_search
US-INA,URB,ameriflux_site_search
US-INB,URB,ameriflux_site_search
US-INC,URB,ameriflux_site_search
US-IND,CRO,ameriflux_site_search
US-INE,CRO,ameriflux_site_search
US-INF,URB,ameriflux_site_search
US-ING,URB,ameriflux_site_search
US-INI,CRO,ameriflux_site_search
US-INJ,CRO,ameriflux_site_search
US-INN,CRO,ameriflux_site_search
US-INP,CRO,ameriflux_site_search
US-IS1,CRO,ameriflux_site_search
US-IS2,CRO,ameriflux_site_search
US-IS3,CRO,ameriflux_site_search
US-IVO,WET,ameriflux_site_search
US-JFM,ENF,ameriflux_site_search
US-JFP,ENF,ameriflux_site_search
US-JLN,WET,ameriflux_site_search
US-JLR,WET,ameriflux_site_search
US-JO1,OSH,ameriflux_site_search
US-JO2,OSH,ameriflux_site_search
US-JO3,BSV,ameriflux_site_search
US-JRN,GRA,ameriflux_site_search
US-JXG,OSH,ameriflux_site_search
US-JXN,OSH,ameriflux_site_search
US-JXS,OSH,ameriflux_site_search
US-KCM,CRO,ameriflux_site_search
US-KEY,CRO,ameriflux_site_search
US-KFB,GRA,ameriflux_site_search
US-KFS,GRA,ameriflux_site_search
US-KGF,GRA,ameriflux_site_search
US-KL1,CRO,ameriflux_site_search
US-KL2,GRA,ameriflux_site_search
US-KL3,GRA,ameriflux_site_search
US-KLS,GRA,ameriflux_site_search
US-KM1,CRO,ameriflux_site_search
US-KM2,GRA,ameriflux_site_search
US-KM3,GRA,ameriflux_site_search
US-KM4,GRA,ameriflux_site_search
US-KON,GRA,ameriflux_site_search
US-KPL,WET,ameriflux_site_search
US-KS1,ENF,ameriflux_site_search
US-KS2,CSH,ameriflux_site_search
US-KS3,WET,ameriflux_site_search
US-KS4,WET,ameriflux_site_search
US-KSA,GRA,ameriflux_site_search
US-KSC,CRO,ameriflux_site_search
US-KSP,CRO,ameriflux_site_search
US-KUO,URB,ameriflux_site_search
US-KUT,GRA,ameriflux_site_search
US-KYV,CRO,ameriflux_site_search
US-LA1,WET,ameriflux_site_search
US-LA2,WET,ameriflux_site_search
US-LA3,WET,ameriflux_site_search
US-LCW,WET,ameriflux_site_search
US-LGR,GRA,ameriflux_site_search
US-LIN,CRO,ameriflux_site_search
US-LL1,SAV,ameriflux_site_search
US-LL2,SAV,ameriflux_site_search
US-LL3,SAV,ameriflux_site_search
US-LMA,CRO,ameriflux_site_search
US-LMB,CRO,ameriflux_site_search
US-LMS,CRO,ameriflux_site_search
US-LMW,CRO,ameriflux_site_search
US-LOS,WET,ameriflux_site_search
US-LPH,DBF,ameriflux_site_search
US-LS1,GRA,ameriflux_site_search
US-LS2,SAV,ameriflux_site_search
US-LU1,CVM,ameriflux_site_search
US-LWW,GRA,ameriflux_site_search
US-MAC,WET,ameriflux_site_search
US-MBP,WET,ameriflux_site_search
US-MC1,CRO,ameriflux_site_search
US-MC2,CRO,ameriflux_site_search
US-MCP,WET,ameriflux_site_search
US-ME1,ENF,ameriflux_site_search
US-ME2,ENF,ameriflux_site_search
US-ME3,ENF,ameriflux_site_search
US-ME4,ENF,ameriflux_site_search
US-ME5,ENF,ameriflux_site_search
US-ME6,ENF,ameriflux_site_search
US-ME7,ENF,ameriflux_site_search
US-MEF,ENF,ameriflux_site_search
US-MEN,WAT,ameriflux_site_search
US-MFS,CRO,ameriflux_site_search
US-MG1,GRA,ameriflux_site_search
US-MH1,CRO,ameriflux_site_search
US-MH2,CRO,ameriflux_site_search
US-MI1,CVM,ameriflux_site_search
US-MI2,CVM,ameriflux_site_search
US-MI3,CVM,ameriflux_site_search
US-MJ1,CRO,ameriflux_site_search
US-MJ2,CRO,ameriflux_site_search
US-MKG,OSH,ameriflux_site_search
US-MKH,GRA,ameriflux_site_search
US-MKN,OSH,ameriflux_site_search
US-MMS,DBF,ameriflux_site_search
US-MN1,CRO,ameriflux_site_search
US-MN2,CRO,ameriflux_site_search
US-MN3,CRO,ameriflux_site_search
US-MO1,CRO,ameriflux_site_search
US-MO2,GRA,ameriflux_site_search
US-MO3,CRO,ameriflux_site_search
US-MOZ,DBF,ameriflux_site_search
US-MPJ,WSA,ameriflux_site_search
US-MRF,ENF,ameriflux_site_search
US-MRM,WET,ameriflux_site_search
US-MSR,CRO,ameriflux_site_search
US-MTB,ENF,ameriflux_site_search
US-MUR,WET,ameriflux_site_search
US-MVF,CRO,ameriflux_site_search
US-MVW,CRO,ameriflux_site_search
US-MWA,CRO,ameriflux_site_search
US-MWF,MF,ameriflux_site_search
US-MWS,URB,ameriflux_site_search
US-MWU,URB,ameriflux_site_search
US-MWW,WET,ameriflux_site_search
US-MYB,WET,ameriflux_site_search
US-MZA,WET,ameriflux_site_search
US-NC1,ENF,ameriflux_site_search
US-NC2,ENF,ameriflux_site_search
US-NC3,ENF,ameriflux_site_search
US-NC4,WET,ameriflux_site_search
US-NC5,ENF,ameriflux_site_search
US-NE1,CRO,ameriflux_site_search
US-NE2,CRO,ameriflux_site_search
US-NE3,CRO,ameriflux_site_search
US-NGB,SNO,ameriflux_site_search
US-NGC,GRA,ameriflux_site_search
US-NMJ,ENF,ameriflux_site_search
US-NP1,CRO,ameriflux_site_search
US-NP2,CRO,ameriflux_site_search
US-NR1,ENF,ameriflux_site_search
US-NR2,ENF,ameriflux_site_search
US-NR3,GRA,ameriflux_site_search
US-NR4,GRA,ameriflux_site_search
US-NRF,WET,ameriflux_site_search
US-NRS,WET,ameriflux_site_search
US-NSA,CRO,ameriflux_site_search
US-NSB,CRO,ameriflux_site_search
US-NSW,GRA,ameriflux_site_search
US-OF1,CRO,ameriflux_site_search
US-OF2,CRO,ameriflux_site_search
US-OHO,DBF,ameriflux_site_search
US-OK1,CRO,ameriflux_site_search
US-OK2,CRO,ameriflux_site_search
US-ONA,GRA,ameriflux_site_search
US-OPE,CRO,ameriflux_site_search
US-ORV,WET,ameriflux_site_search
US-OWC,WET,ameriflux_site_search
US-PAS,GRA,ameriflux_site_search
US-PEA,DBF,ameriflux_site_search
US-PFA,MF,ameriflux_site_search
US-PFB,ENF,ameriflux_site_search
US-PFC,DBF,ameriflux_site_search
US-PFD,WET,ameriflux_site_search
US-PFE,WAT,ameriflux_site_search
US-PFF,GRA,ameriflux_site_search
US-PFG,ENF,ameriflux_site_search
US-PFH,ENF,ameriflux_site_search
US-PFI,DBF,ameriflux_site_search
US-PFJ,DBF,ameriflux_site_search
US-PFK,DBF,ameriflux_site_search
US-PFL,DBF,ameriflux_site_search
US-PFM,DBF,ameriflux_site_search
US-PFN,DBF,ameriflux_site_search
US-PFO,WAT,ameriflux_site_search
US-PFP,DBF,ameriflux_site_search
US-PFQ,DBF,ameriflux_site_search
US-PFR,WET,ameriflux_site_search
US-PFS,DBF,ameriflux_site_search
US-PFT,ENF,ameriflux_site_search
US-PHM,WET,ameriflux_site_search
US-PIU,WET,ameriflux_site_search
US-PLM,WET,ameriflux_site_search
US-PLO,WET,ameriflux_site_search
US-PNP,WAT,ameriflux_site_search
US-PON,CRO,ameriflux_site_search
US-PRR,ENF,ameriflux_site_search
US-PSH,DBF,ameriflux_site_search
US-PSL,DBF,ameriflux_site_search
US-PVA,CRO,ameriflux_site_search
US-PX1,URB,ameriflux_site_search
US-PX2,GRA,ameriflux_site_search
US-PX3,BSV,ameriflux_site_search
US-PX4,URB,ameriflux_site_search
US-PX5,URB,ameriflux_site_search
US-RC1,CRO,ameriflux_site_search
US-RC2,CRO,ameriflux_site_search
US-RC3,CRO,ameriflux_site_search
US-RC4,CRO,ameriflux_site_search
US-RC5,CRO,ameriflux_site_search
US-RFE,GRA,ameriflux_site_search
US-RFW,GRA,ameriflux_site_search
US-RGA,CRO,ameriflux_site_search
US-RGB,CRO,ameriflux_site_search
US-RGF,CRO,ameriflux_site_search
US-RGG,CRO,ameriflux_site_search
US-RGO,CRO,ameriflux_site_search
US-RGR,CRO,ameriflux_site_search
US-RGW,CRO,ameriflux_site_search
US-RLS,CSH,ameriflux_site_search
US-RMS,CSH,ameriflux_site_search
US-RO1,CRO,ameriflux_site_search
US-RO2,CRO,ameriflux_site_search
US-RO3,CRO,ameriflux_site_search
US-RO4,GRA,ameriflux_site_search
US-RO5,CRO,ameriflux_site_search
US-RO6,CRO,ameriflux_site_search
US-RPF,DBF,ameriflux_site_search
US-RRC,WET,ameriflux_site_search
US-RTS,GRA,ameriflux_site_search
US-RWE,CSH,ameriflux_site_search
US-RWF,CSH,ameriflux_site_search
US-RWS,OSH,ameriflux_site_search
US-SAG,WET,ameriflux_site_search
US-SB1,ENF,ameriflux_site_search
US-SB2,CRO,ameriflux_site_search
US-SB3,ENF,ameriflux_site_search
US-SBR,WET,ameriflux_site_search
US-SCC,OSH,ameriflux_site_search
US-SCD,BSV,ameriflux_site_search
US-SCF,MF,ameriflux_site_search
US-SCG,GRA,ameriflux_site_search
US-SCS,OSH,ameriflux_site_search
US-SCW,OSH,ameriflux_site_search
US-SD1,CRO,ameriflux_site_search
US-SD2,CRO,ameriflux_site_search
US-SDH,GRA,ameriflux_site_search
US-SDU,URB,ameriflux_site_search
US-SEG,GRA,ameriflux_site_search
US-SES,OSH,ameriflux_site_search
US-SFP,CRO,ameriflux_site_search
US-SHC,ENF,ameriflux_site_search
US-SHD,GRA,ameriflux_site_search
US-SHS,WET,ameriflux_site_search
US-SI1,CRO,ameriflux_site_search
US-SI2,CRO,ameriflux_site_search
US-SJ1,WET,ameriflux_site_search
US-SJ2,WET,ameriflux_site_search
US-SKR,EBF,ameriflux_site_search
US-SLT,DBF,ameriflux_site_search
US-SM1,CRO,ameriflux_site_search
US-SND,GRA,ameriflux_site_search
US-SNE,GRA,ameriflux_site_search
US-SNF,GRA,ameriflux_site_search
US-SO2,CSH,ameriflux_site_search
US-SO3,CSH,ameriflux_site_search
US-SO4,CSH,ameriflux_site_search
US-SP1,ENF,ameriflux_site_search
US-SP2,ENF,ameriflux_site_search
US-SP3,ENF,ameriflux_site_search
US-SP4,ENF,ameriflux_site_search
US-SRC,OSH,ameriflux_site_search
US-SRG,GRA,ameriflux_site_search
US-SRM,WSA,ameriflux_site_search
US-SRR,WET,ameriflux_site_search
US-SRS,WSA,ameriflux_site_search
US-SSH,DBF,ameriflux_site_search
US-STA,OSH,ameriflux_site_search
US-STJ,WET,ameriflux_site_search
US-STS,WET,ameriflux_site_search
US-SUM,CRO,ameriflux_site_search
US-SUS,CRO,ameriflux_site_search
US-SUW,CRO,ameriflux_site_search
US-SVC,WSA,ameriflux_site_search
US-SVP,WSA,ameriflux_site_search
US-SX1,SAV,ameriflux_site_search
US-SX2,ENF,ameriflux_site_search
US-SX3,MF,ameriflux_site_search
US-SYV,MF,ameriflux_site_search
US-SZ1,CRO,ameriflux_site_search
US-SZ2,CRO,ameriflux_site_search
US-SZ3,CRO,ameriflux_site_search
US-TAS,WET,ameriflux_site_search
US-TCS,WET,ameriflux_site_search
US-TEF,ENF,ameriflux_site_search
US-TFF,MF,ameriflux_site_search
US-TKS,CSH,ameriflux_site_search
US-TLR,MF,ameriflux_site_search
US-TON,WSA,ameriflux_site_search
US-TRB,WAT,ameriflux_site_search
US-TRS,WAT,ameriflux_site_search
US-TSM,WET,ameriflux_site_search
US-TUR,GRA,ameriflux_site_search
US-TW1,WET,ameriflux_site_search
US-TW2,CRO,ameriflux_site_search
US-TW3,CRO,ameriflux_site_search
US-TW4,WET,ameriflux_site_search
US-TW5,WET,ameriflux_site_search
US-TWT,CRO,ameriflux_site_search
US-TX1,GRA,ameriflux_site_search
US-TX2,GRA,ameriflux_site_search
US-TX3,CRO,ameriflux_site_search
US-TX4,CRO,ameriflux_site_search
US-TX5,CVM,ameriflux_site_search
US-TX6,GRA,ameriflux_site_search
US-TX7,CSH,ameriflux_site_search
US-TX8,DBF,ameriflux_site_search
US-TX9,WET,ameriflux_site_search
US-UAF,ENF,ameriflux_site_search
US-UC1,CVM,ameriflux_site_search
US-UC2,CVM,ameriflux_site_search
US-UG1,OSH,ameriflux_site_search
US-UIA,CRO,ameriflux_site_search
US-UIB,CRO,ameriflux_site_search
US-UIC,CRO,ameriflux_site_search
US-UID,GRA,ameriflux_site_search
US-UIE,CRO,ameriflux_site_search
US-UIF,CRO,ameriflux_site_search
US-UIG,CRO,ameriflux_site_search
US-ULM,DBF,ameriflux_site_search
US-UM3,WAT,ameriflux_site_search
US-UMB,DBF,ameriflux_site_search
US-UMD,DBF,ameriflux_site_search
US-UPA,WET,ameriflux_site_search
US-UR0,GRA,ameriflux_site_search
US-UR1,GRA,ameriflux_site_search
US-UR2,GRA,ameriflux_site_search
US-UR3,GRA,ameriflux_site_search
US-UR4,GRA,ameriflux_site_search
US-UR5,CRO,ameriflux_site_search
US-UR6,CRO,ameriflux_site_search
US-UR7,GRA,ameriflux_site_search
US-UR8,CRO,ameriflux_site_search
US-UR9,CRO,ameriflux_site_search
US-UTB,BSV,ameriflux_site_search
US-UTD,CRO,ameriflux_site_search
US-UTE,CRO,ameriflux_site_search
US-UTG,CRO,ameriflux_site_search
US-UTJ,CRO,ameriflux_site_search
US-UTL,CRO,ameriflux_site_search
US-UTM,WET,ameriflux_site_search
US-UTN,CRO,ameriflux_site_search
US-UTP,WET,ameriflux_site_search
US-UTV,CRO,ameriflux_site_search
US-UTW,CRO,ameriflux_site_search
US-UUC,WAT,ameriflux_site_search
US-UUP,BSV,ameriflux_site_search
US-VAR,GRA,ameriflux_site_search
US-VCM,ENF,ameriflux_site_search
US-VCP,ENF,ameriflux_site_search
US-VCS,ENF,ameriflux_site_search
US-VFP,WET,ameriflux_site_search
US-VT1,CRO,ameriflux_site_search
US-VT2,CRO,ameriflux_site_search
US-WBW,DBF,ameriflux_site_search
US-WCR,DBF,ameriflux_site_search
US-WDN,OSH,ameriflux_site_search
US-WEP,URB,ameriflux_site_search
US-WGR,CRO,ameriflux_site_search
US-WHS,OSH,ameriflux_site_search
US-WI0,ENF,ameriflux_site_search
US-WI1,DBF,ameriflux_site_search
US-WI2,ENF,ameriflux_site_search
US-WI3,DBF,ameriflux_site_search
US-WI4,ENF,ameriflux_site_search
US-WI5,ENF,ameriflux_site_search
US-WI6,OSH,ameriflux_site_search
US-WI7,OSH,ameriflux_site_search
US-WI8,DBF,ameriflux_site_search
US-WI9,ENF,ameriflux_site_search
US-WJS,SAV,ameriflux_site_search
US-WKG,GRA,ameriflux_site_search
US-WLR,GRA,ameriflux_site_search
US-WPP,DBF,ameriflux_site_search
US-WPT,WET,ameriflux_site_search
US-WRC,ENF,ameriflux_site_search
US-WT1,CRO,ameriflux_site_search
US-WT2,GRA,ameriflux_site_search
US-WT3,GRA,ameriflux_site_search
US-WWT,CRO,ameriflux_site_search
US-XAB,ENF,ameriflux_site_search
US-XAE,GRA,ameriflux_site_search
US-XBA,WET,ameriflux_site_search
US-XBL,DBF,ameriflux_site_search
US-XBN,ENF,ameriflux_site_search
US-XBR,DBF,ameriflux_site_search
US-XCL,GRA,ameriflux_site_search
US-XCP,GRA,ameriflux_site_search
US-XDC,GRA,ameriflux_site_search
US-XDJ,ENF,ameriflux_site_search
US-XDL,MF,ameriflux_site_search
US-XDS,CVM,ameriflux_site_search
US-XGR,DBF,ameriflux_site_search
US-XHA,DBF,ameriflux_site_search
US-XHE,OSH,ameriflux_site_search
US-XJE,ENF,ameriflux_site_search
US-XJR,OSH,ameriflux_site_search
US-XKA,GRA,ameriflux_site_search
US-XKZ,GRA,ameriflux_site_search
US-XLE,DBF,ameriflux_site_search
US-XMB,OSH,ameriflux_site_search
US-XML,DBF,ameriflux_site_search
US-XNG,GRA,ameriflux_site_search
US-XNQ,OSH,ameriflux_site_search
US-XNW,ENF,ameriflux_site_search
US-XPU,EBF,ameriflux_site_search
US-XRM,ENF,ameriflux_site_search
US-XRN,DBF,ameriflux_site_search
US-XSB,ENF,ameriflux_site_search
US-XSC,DBF,ameriflux_site_search
US-XSE,DBF,ameriflux_site_search
US-XSJ,SAV,ameriflux_site_search
US-XSL,CRO,ameriflux_site_search
US-XSP,ENF,ameriflux_site_search
US-XSR,OSH,ameriflux_site_search
US-XST,DBF,ameriflux_site_search
US-XTA,ENF,ameriflux_site_search
US-XTE,ENF,ameriflux_site_search
US-XTL,WET,ameriflux_site_search
US-XTR,DBF,ameriflux_site_search
US-XUK,DBF,ameriflux_site_search
US-XUN,MF,ameriflux_site_search
US-XWD,GRA,ameriflux_site_search
US-XWR,ENF,ameriflux_site_search
US-XYE,ENF,ameriflux_site_search
US-YK1,WET,ameriflux_site_search
US-YK2,WET,ameriflux_site_search
US-YLW,URB,ameriflux_site_search
US-YNS,GRA,ameriflux_site_search
US-ZF1,CRO,ameriflux_site_search
US-ZF2,CRO,ameriflux_site_search
ZA-KRU,SAV,fluxnet_siteinfo
ZM-MON,DBF,fluxnet_siteinfo
